customer_id,recency,frequency,monetary,R,F,M,RFM_Score,Segment
CUST00001,26,25,340712.98,3,3,3,9,Potential
CUST00002,23,27,434505.85,3,4,4,11,Loyal
CUST00003,19,30,797927.08,3,5,5,13,Champions
CUST00004,24,29,411305.28,3,4,4,11,Loyal
CUST00005,32,25,277496.85,2,3,3,8,Potential
CUST00006,10,28,368738.92,4,4,4,12,Loyal
CUST00007,25,24,128590.28,3,3,1,7,Potential
CUST00008,16,28,727571.88,3,4,5,12,Loyal
CUST00009,47,28,699865.1,1,4,5,10,Loyal
CUST00010,115,24,134006.05000000002,1,3,1,5,At Risk
CUST00011,21,33,616543.49,3,5,5,13,Champions
CUST00012,68,19,130566.62,1,1,1,3,Lost
CUST00013,38,33,458976.12,2,5,4,11,Loyal
CUST00014,30,25,487403.62,2,3,5,10,Loyal
CUST00015,49,25,385060.06,1,3,4,8,Potential
CUST00016,26,32,419489.29,3,5,4,12,Loyal
CUST00017,50,27,298173.48,1,4,3,8,Potential
CUST00018,32,20,279841.76,2,1,3,6,At Risk
CUST00019,20,31,793893.61,3,5,5,13,Champions
CUST00020,7,35,658709.06,4,5,5,14,Champions
CUST00021,34,26,479797.44,2,3,4,9,Potential
CUST00022,6,36,464623.07,5,5,4,14,Champions
CUST00023,35,21,298219.52,2,1,3,6,At Risk
CUST00024,42,17,308244.51,2,1,3,6,At Risk
CUST00025,39,27,242310.23,2,4,2,8,Potential
CUST00026,10,30,346172.04000000004,4,5,3,12,Loyal
CUST00027,29,21,247532.9,2,1,2,5,At Risk
CUST00028,85,26,115091.52,1,3,1,5,At Risk
CUST00029,6,20,446452.34,5,1,4,10,Loyal
CUST00030,71,24,335932.7,1,3,3,7,Potential
CUST00031,10,20,197437.82,4,1,2,7,Potential
CUST00032,38,19,139596.11000000002,2,1,1,4,At Risk
CUST00033,1,27,493034.17000000004,5,4,5,14,Champions
CUST00034,174,19,102765.84999999999,1,1,1,3,Lost
CUST00035,24,20,55629.28,3,1,1,5,At Risk
CUST00036,16,32,309052.03,3,5,3,11,Loyal
CUST00037,31,28,277715.75,2,4,3,9,Potential
CUST00038,34,28,125842.53,2,4,1,7,Potential
CUST00039,20,19,338056.42,3,1,3,7,Potential
CUST00040,6,18,185350.32,5,1,2,8,Potential
CUST00041,28,25,633690.2,2,3,5,10,Loyal
CUST00042,29,26,352479.84,2,3,3,8,Potential
CUST00043,17,33,319289.54,3,5,3,11,Loyal
CUST00044,33,18,409784.84,2,1,4,7,Potential
CUST00045,30,21,438599.87,2,1,4,7,Potential
CUST00046,3,25,403842.5,5,3,4,12,Loyal
CUST00047,318,13,58547.78999999999,1,1,1,3,Lost
CUST00048,94,27,430434.13,1,4,4,9,Potential
CUST00049,33,29,211564.41,2,4,2,8,Potential
CUST00050,63,27,424912.24,1,4,4,9,Potential
CUST00051,64,29,273663.63,1,4,3,8,Potential
CUST00052,29,22,764893.07,2,2,5,9,Potential
CUST00053,49,22,277378.95999999996,1,2,3,6,At Risk
CUST00054,49,18,156363.89,1,1,1,3,Lost
CUST00055,6,25,211499.52000000002,5,3,2,10,Loyal
CUST00056,8,25,226437.56,4,3,2,9,Potential
CUST00057,161,18,220130.30000000002,1,1,2,4,At Risk
CUST00058,56,28,481074.1,1,4,4,9,Potential
CUST00059,31,29,273272.52,2,4,3,9,Potential
CUST00060,37,29,424370.05,2,4,4,10,Loyal
CUST00061,112,21,348756.77999999997,1,1,3,5,At Risk
CUST00062,5,32,227277.96,5,5,2,12,Loyal
CUST00063,39,29,200747.82,2,4,2,8,Potential
CUST00064,175,17,215399.63,1,1,2,4,At Risk
CUST00065,23,25,313850.18000000005,3,3,3,9,Potential
CUST00066,12,27,170018.41,4,4,1,9,Potential
CUST00067,12,26,208151.81,4,3,2,9,Potential
CUST00068,1,29,412208.26,5,4,4,13,Champions
CUST00069,53,30,288893.14,1,5,3,9,Potential
CUST00070,35,26,642332.5800000001,2,3,5,10,Loyal
CUST00071,32,21,236478.53,2,1,2,5,At Risk
CUST00072,16,29,651073.44,3,4,5,12,Loyal
CUST00073,5,23,85308.89,5,2,1,8,Potential
CUST00074,73,19,390693.58,1,1,4,6,At Risk
CUST00075,39,21,332765.49,2,1,3,6,At Risk
CUST00076,46,18,76839.59999999999,1,1,1,3,Lost
CUST00077,36,26,266977.79,2,3,2,7,Potential
CUST00078,41,16,57862.0,2,1,1,4,At Risk
CUST00079,17,16,373949.36,3,1,4,8,Potential
CUST00080,75,21,138523.87,1,1,1,3,Lost
CUST00081,31,23,370455.63,2,2,4,8,Potential
CUST00082,9,33,310685.62,4,5,3,12,Loyal
CUST00083,4,28,567858.38,5,4,5,14,Champions
CUST00084,2,32,235648.72,5,5,2,12,Loyal
CUST00085,80,30,403637.19,1,5,4,10,Loyal
CUST00086,1,17,86714.02,5,1,1,7,Potential
CUST00087,39,20,276371.61,2,1,3,6,At Risk
CUST00088,160,22,182569.55,1,2,2,5,At Risk
CUST00089,4,24,321375.31,5,3,3,11,Loyal
CUST00090,7,26,408723.45999999996,4,3,4,11,Loyal
CUST00091,39,20,118543.77,2,1,1,4,At Risk
CUST00092,9,25,565751.73,4,3,5,12,Loyal
CUST00093,59,27,263337.16000000003,1,4,2,7,Potential
CUST00094,11,27,310775.42,4,4,3,11,Loyal
CUST00095,30,25,88938.21,2,3,1,6,At Risk
CUST00096,20,29,205258.27,3,4,2,9,Potential
CUST00097,52,20,210893.81,1,1,2,4,At Risk
CUST00098,9,27,427844.92,4,4,4,12,Loyal
CUST00099,7,19,350653.51,4,1,3,8,Potential
CUST00100,30,21,162973.84,2,1,1,4,At Risk
CUST00101,21,25,193830.74000000002,3,3,2,8,Potential
CUST00102,14,37,744412.0900000001,4,5,5,14,Champions
CUST00103,7,32,572917.74,4,5,5,14,Champions
CUST00104,10,26,467347.99,4,3,4,11,Loyal
CUST00105,56,17,113580.45000000001,1,1,1,3,Lost
CUST00106,0,22,78106.25,5,2,1,8,Potential
CUST00107,1,28,476779.65,5,4,4,13,Champions
CUST00108,21,18,408619.70999999996,3,1,4,8,Potential
CUST00109,80,17,181166.88,1,1,2,4,At Risk
CUST00110,30,29,324886.92,2,4,3,9,Potential
CUST00111,35,23,402995.29,2,2,4,8,Potential
CUST00112,24,27,491492.77,3,4,5,12,Loyal
CUST00113,29,26,447683.36,2,3,4,9,Potential
CUST00114,35,18,253948.34,2,1,2,5,At Risk
CUST00115,8,33,668393.83,4,5,5,14,Champions
CUST00116,29,21,103677.84,2,1,1,4,At Risk
CUST00117,193,19,282684.9,1,1,3,5,At Risk
CUST00118,36,25,681406.8,2,3,5,10,Loyal
CUST00119,44,14,198658.65,1,1,2,4,At Risk
CUST00120,30,21,262205.08,2,1,2,5,At Risk
CUST00121,12,36,794687.7000000001,4,5,5,14,Champions
CUST00122,25,19,516199.56,3,1,5,9,Potential
CUST00123,14,27,417019.55,4,4,4,12,Loyal
CUST00124,5,34,477227.16,5,5,4,14,Champions
CUST00125,15,29,446812.79,3,4,4,11,Loyal
CUST00126,5,23,368211.0,5,2,4,11,Loyal
CUST00127,7,28,261807.49,4,4,2,10,Loyal
CUST00128,50,25,617031.88,1,3,5,9,Potential
CUST00129,14,23,399036.64,4,2,4,10,Loyal
CUST00130,24,25,650862.83,3,3,5,11,Loyal
CUST00131,7,25,385776.44,4,3,4,11,Loyal
CUST00132,1,18,143444.3,5,1,1,7,Potential
CUST00133,75,24,785780.88,1,3,5,9,Potential
CUST00134,4,26,436552.33,5,3,4,12,Loyal
CUST00135,75,18,308880.41,1,1,3,5,At Risk
CUST00136,53,22,813062.04,1,2,5,8,Potential
CUST00137,214,19,326415.62,1,1,3,5,At Risk
CUST00138,1,21,668185.94,5,1,5,11,Loyal
CUST00139,158,18,109963.8,1,1,1,3,Lost
CUST00140,0,36,625249.4400000001,5,5,5,15,Champions
CUST00141,34,28,233265.34,2,4,2,8,Potential
CUST00142,55,24,479352.76,1,3,4,8,Potential
CUST00143,14,23,481587.3,4,2,4,10,Loyal
CUST00144,72,23,240007.49,1,2,2,5,At Risk
CUST00145,10,22,303743.76,4,2,3,9,Potential
CUST00146,19,20,419227.34,3,1,4,8,Potential
CUST00147,55,35,705262.26,1,5,5,11,Loyal
CUST00148,104,26,126902.79000000001,1,3,1,5,At Risk
CUST00149,8,30,328403.33,4,5,3,12,Loyal
CUST00150,57,21,73853.28,1,1,1,3,Lost
CUST00151,11,26,503168.35000000003,4,3,5,12,Loyal
CUST00152,37,22,260919.59,2,2,2,6,At Risk
CUST00153,203,32,261420.9,1,5,2,8,Potential
CUST00154,33,26,399104.61,2,3,4,9,Potential
CUST00155,12,30,273013.29,4,5,3,12,Loyal
CUST00156,20,23,199172.66999999998,3,2,2,7,Potential
CUST00157,27,21,200241.48,2,1,2,5,At Risk
CUST00158,9,30,367124.41000000003,4,5,4,13,Champions
CUST00159,9,23,413748.38,4,2,4,10,Loyal
CUST00160,1,22,199577.97999999998,5,2,2,9,Potential
CUST00161,4,27,271528.2,5,4,3,12,Loyal
CUST00162,0,27,253203.87,5,4,2,11,Loyal
CUST00163,15,26,502694.12,3,3,5,11,Loyal
CUST00164,32,31,341727.13,2,5,3,10,Loyal
CUST00165,15,36,1247561.06,3,5,5,13,Champions
CUST00166,18,20,99760.81999999999,3,1,1,5,At Risk
CUST00167,5,35,273597.46,5,5,3,13,Champions
CUST00168,2,24,304923.45,5,3,3,11,Loyal
CUST00169,6,22,130318.24,5,2,1,8,Potential
CUST00170,70,22,207395.42,1,2,2,5,At Risk
CUST00171,4,32,233540.72999999998,5,5,2,12,Loyal
CUST00172,1,19,319534.13,5,1,3,9,Potential
CUST00173,19,28,82930.31999999999,3,4,1,8,Potential
CUST00174,42,17,192440.02000000002,2,1,2,5,At Risk
CUST00175,6,19,514456.70999999996,5,1,5,11,Loyal
CUST00176,27,27,805863.0900000001,2,4,5,11,Loyal
CUST00177,56,25,450912.54,1,3,4,8,Potential
CUST00178,27,31,132335.2,2,5,1,8,Potential
CUST00179,39,25,246281.37000000002,2,3,2,7,Potential
CUST00180,0,18,163037.9,5,1,1,7,Potential
CUST00181,36,24,618980.92,2,3,5,10,Loyal
CUST00182,24,36,232218.66,3,5,2,10,Loyal
CUST00183,13,18,198958.3,4,1,2,7,Potential
CUST00184,15,24,116166.81,3,3,1,7,Potential
CUST00185,29,21,251088.51,2,2,2,6,At Risk
CUST00186,14,18,99458.49,4,1,1,6,At Risk
CUST00187,14,26,233157.46,4,3,2,9,Potential
CUST00188,5,26,620589.16,5,3,5,13,Champions
CUST00189,38,20,242315.26,2,1,2,5,At Risk
CUST00190,148,24,123178.12,1,3,1,5,At Risk
CUST00191,85,20,73662.25,1,1,1,3,Lost
CUST00192,1,26,493241.54,5,3,5,13,Champions
CUST00193,115,25,442934.48,1,3,4,8,Potential
CUST00194,25,38,387170.53,3,5,4,12,Loyal
CUST00195,21,35,587047.62,3,5,5,13,Champions
CUST00196,1,30,275832.31,5,5,3,13,Champions
CUST00197,116,16,186945.87000000002,1,1,2,4,At Risk
CUST00198,17,17,116864.10999999999,3,1,1,5,At Risk
CUST00199,9,33,197214.85,4,5,2,11,Loyal
CUST00200,22,27,400094.88,3,4,4,11,Loyal
CUST00201,2,27,163852.3,5,4,1,10,Loyal
CUST00202,57,20,338454.66,1,1,3,5,At Risk
CUST00203,0,32,214155.08,5,5,2,12,Loyal
CUST00204,7,25,406512.51,4,3,4,11,Loyal
CUST00205,6,31,287585.87999999995,5,5,3,13,Champions
CUST00206,44,29,315158.23000000004,1,4,3,8,Potential
CUST00207,29,33,316671.42,2,5,3,10,Loyal
CUST00208,36,23,272581.13,2,2,3,7,Potential
CUST00209,41,23,184876.99,2,2,2,6,At Risk
CUST00210,12,21,419575.33,4,2,4,10,Loyal
CUST00211,8,29,346716.91,4,4,3,11,Loyal
CUST00212,40,25,274802.34,2,3,3,8,Potential
CUST00213,28,32,269159.7,2,5,2,9,Potential
CUST00214,31,18,155308.05,2,1,1,4,At Risk
CUST00215,25,15,191451.31,3,1,2,6,At Risk
CUST00216,16,25,375723.58999999997,3,3,4,10,Loyal
CUST00217,3,22,211849.7,5,2,2,9,Potential
CUST00218,12,27,369128.06,4,4,4,12,Loyal
CUST00219,0,30,379655.57,5,5,4,14,Champions
CUST00220,23,29,454027.0,3,4,4,11,Loyal
CUST00221,47,25,572105.42,1,3,5,9,Potential
CUST00222,11,20,200767.65,4,1,2,7,Potential
CUST00223,35,28,454411.39,2,4,4,10,Loyal
CUST00224,16,32,512701.84,3,5,5,13,Champions
CUST00225,176,16,116272.59999999999,1,1,1,3,Lost
CUST00226,18,24,243528.13,3,3,2,8,Potential
CUST00227,16,23,130207.66,3,2,1,6,At Risk
CUST00228,4,15,154499.1,5,1,1,7,Potential
CUST00229,9,30,461699.3,4,5,4,13,Champions
CUST00230,8,22,366026.6,4,2,4,10,Loyal
CUST00231,39,30,678755.5,2,5,5,12,Loyal
CUST00232,18,20,508911.56,3,1,5,9,Potential
CUST00233,37,42,614740.05,2,5,5,12,Loyal
CUST00234,42,20,247781.41,2,1,2,5,At Risk
CUST00235,51,21,198031.3,1,2,2,5,At Risk
CUST00236,56,23,611238.68,1,2,5,8,Potential
CUST00237,78,29,683769.26,1,4,5,10,Loyal
CUST00238,23,26,591432.5599999999,3,3,5,11,Loyal
CUST00239,1,25,221134.42,5,3,2,10,Loyal
CUST00240,32,22,436535.14999999997,2,2,4,8,Potential
CUST00241,15,35,426114.47000000003,3,5,4,12,Loyal
CUST00242,213,15,815788.85,1,1,5,7,Potential
CUST00243,7,27,459733.75,4,4,4,12,Loyal
CUST00244,24,24,100227.54,3,3,1,7,Potential
CUST00245,11,18,526120.41,4,1,5,10,Loyal
CUST00246,12,26,237533.25,4,3,2,9,Potential
CUST00247,19,19,272383.8,3,1,3,7,Potential
CUST00248,63,24,339669.27,1,3,3,7,Potential
CUST00249,1,20,368639.57,5,1,4,10,Loyal
CUST00250,36,23,163875.7,2,2,1,5,At Risk
CUST00251,27,35,780745.0700000001,2,5,5,12,Loyal
CUST00252,1,30,228853.38,5,5,2,12,Loyal
CUST00253,5,37,455453.3,5,5,4,14,Champions
CUST00254,4,29,155690.51,5,4,1,10,Loyal
CUST00255,32,26,211507.31,2,3,2,7,Potential
CUST00256,11,25,236395.87999999998,4,3,2,9,Potential
CUST00257,25,33,306018.29,3,5,3,11,Loyal
CUST00258,4,18,569401.05,5,1,5,11,Loyal
CUST00259,0,19,643069.61,5,1,5,11,Loyal
CUST00260,33,31,401729.57,2,5,4,11,Loyal
CUST00261,66,22,109375.9,1,2,1,4,At Risk
CUST00262,52,29,529967.08,1,4,5,10,Loyal
CUST00263,12,20,162393.94,4,1,1,6,At Risk
CUST00264,31,25,511100.59,2,3,5,10,Loyal
CUST00265,46,21,104757.77,1,2,1,4,At Risk
CUST00266,33,23,460036.76,2,2,4,8,Potential
CUST00267,54,23,312752.75,1,2,3,6,At Risk
CUST00268,32,20,408641.14999999997,2,1,4,7,Potential
CUST00269,30,30,476839.61,2,5,4,11,Loyal
CUST00270,37,21,175724.77,2,2,1,5,At Risk
CUST00271,5,19,478911.58,5,1,4,10,Loyal
CUST00272,12,17,383604.27999999997,4,1,4,9,Potential
CUST00273,8,20,344420.76,4,1,3,8,Potential
CUST00274,142,27,252676.44,1,4,2,7,Potential
CUST00275,8,29,162363.99,4,4,1,9,Potential
CUST00276,1,33,543223.97,5,5,5,15,Champions
CUST00277,8,21,135918.21,4,2,1,7,Potential
CUST00278,9,22,111972.93,4,2,1,7,Potential
CUST00279,15,32,566749.86,3,5,5,13,Champions
CUST00280,17,15,62690.18,3,1,1,5,At Risk
CUST00281,8,24,584992.35,4,3,5,12,Loyal
CUST00282,15,26,151818.49,3,3,1,7,Potential
CUST00283,7,20,53957.47,4,1,1,6,At Risk
CUST00284,36,30,748535.1,2,5,5,12,Loyal
CUST00285,40,26,310138.95,2,3,3,8,Potential
CUST00286,5,26,247842.6,5,3,2,10,Loyal
CUST00287,20,24,530543.41,3,3,5,11,Loyal
CUST00288,34,27,494356.0,2,4,5,11,Loyal
CUST00289,31,22,172709.93,2,2,1,5,At Risk
CUST00290,12,27,461226.80000000005,4,4,4,12,Loyal
CUST00291,12,22,123348.83,4,2,1,7,Potential
CUST00292,3,26,242400.56,5,3,2,10,Loyal
CUST00293,28,24,453458.39,2,3,4,9,Potential
CUST00294,26,24,144039.49,3,3,1,7,Potential
CUST00295,1,21,457224.4,5,2,4,11,Loyal
CUST00296,38,37,658178.2000000001,2,5,5,12,Loyal
CUST00297,10,29,471065.8,4,4,4,12,Loyal
CUST00298,7,33,582140.86,4,5,5,14,Champions
CUST00299,34,26,172719.02000000002,2,3,1,6,At Risk
CUST00300,30,22,130673.97,2,2,1,5,At Risk
CUST00301,3,20,264801.88999999996,5,1,2,8,Potential
CUST00302,11,27,277826.94,4,4,3,11,Loyal
CUST00303,3,31,436520.16000000003,5,5,4,14,Champions
CUST00304,10,23,212358.18,4,2,2,8,Potential
CUST00305,3,32,610669.24,5,5,5,15,Champions
CUST00306,2,27,256884.85,5,4,2,11,Loyal
CUST00307,20,23,186913.53,3,2,2,7,Potential
CUST00308,10,30,505018.61,4,5,5,14,Champions
CUST00309,34,26,198028.16,2,3,2,7,Potential
CUST00310,50,31,400899.20999999996,1,5,4,10,Loyal
CUST00311,11,22,245002.09,4,2,2,8,Potential
CUST00312,4,27,445192.1,5,4,4,13,Champions
CUST00313,55,18,580911.82,1,1,5,7,Potential
CUST00314,48,17,128968.94,1,1,1,3,Lost
CUST00315,2,31,580774.33,5,5,5,15,Champions
CUST00316,4,26,251979.24000000002,5,3,2,10,Loyal
CUST00317,10,21,581627.5599999999,4,2,5,11,Loyal
CUST00318,2,35,397540.28,5,5,4,14,Champions
CUST00319,30,32,191244.7,2,5,2,9,Potential
CUST00320,21,25,433450.68000000005,3,3,4,10,Loyal
CUST00321,29,22,277645.38,2,2,3,7,Potential
CUST00322,21,35,220323.62,3,5,2,10,Loyal
CUST00323,9,29,581589.29,4,4,5,13,Champions
CUST00324,25,18,206114.49,3,1,2,6,At Risk
CUST00325,5,31,375366.01,5,5,4,14,Champions
CUST00326,51,22,352777.99,1,2,3,6,At Risk
CUST00327,17,27,343197.99,3,4,3,10,Loyal
CUST00328,18,37,433887.06,3,5,4,12,Loyal
CUST00329,76,22,337523.5,1,2,3,6,At Risk
CUST00330,33,25,338705.01,2,3,3,8,Potential
CUST00331,13,24,322927.91,4,3,3,10,Loyal
CUST00332,5,34,1529368.3900000001,5,5,5,15,Champions
CUST00333,28,31,461601.7,2,5,4,11,Loyal
CUST00334,74,26,818100.74,1,3,5,9,Potential
CUST00335,49,28,135128.84,1,4,1,6,At Risk
CUST00336,43,23,509487.72,2,2,5,9,Potential
CUST00337,70,24,416049.74,1,3,4,8,Potential
CUST00338,0,23,58183.340000000004,5,2,1,8,Potential
CUST00339,88,21,559750.63,1,2,5,8,Potential
CUST00340,0,22,530744.0700000001,5,2,5,12,Loyal
CUST00341,4,29,238483.93,5,4,2,11,Loyal
CUST00342,19,27,587583.59,3,4,5,12,Loyal
CUST00343,11,28,319606.31,4,4,3,11,Loyal
CUST00344,9,36,573150.88,4,5,5,14,Champions
CUST00345,2,27,249018.77000000002,5,4,2,11,Loyal
CUST00346,55,28,311456.72,1,4,3,8,Potential
CUST00347,16,20,327012.72000000003,3,1,3,7,Potential
CUST00348,32,25,250316.19,2,3,2,7,Potential
CUST00349,7,24,254460.87,4,3,2,9,Potential
CUST00350,1,30,467383.81,5,5,4,14,Champions
CUST00351,14,23,129643.04999999999,4,2,1,7,Potential
CUST00352,80,31,464854.05,1,5,4,10,Loyal
CUST00353,58,24,312286.52,1,3,3,7,Potential
CUST00354,1,24,699152.34,5,3,5,13,Champions
CUST00355,1,34,242179.8,5,5,2,12,Loyal
CUST00356,10,20,262252.86,4,1,2,7,Potential
CUST00357,1,27,446335.14,5,4,4,13,Champions
CUST00358,50,23,456529.73,1,2,4,7,Potential
CUST00359,36,18,80595.58,2,1,1,4,At Risk
CUST00360,48,24,410747.22000000003,1,3,4,8,Potential
CUST00361,36,24,187403.74,2,3,2,7,Potential
CUST00362,41,25,235626.22999999998,2,3,2,7,Potential
CUST00363,10,23,166040.18,4,2,1,7,Potential
CUST00364,47,19,457722.31,1,1,4,6,At Risk
CUST00365,24,29,397711.67,3,4,4,11,Loyal
CUST00366,5,26,140010.76,5,3,1,9,Potential
CUST00367,18,25,977860.9500000001,3,3,5,11,Loyal
CUST00368,17,22,124751.29,3,2,1,6,At Risk
CUST00369,6,27,302488.99,5,4,3,12,Loyal
CUST00370,5,39,408514.28,5,5,4,14,Champions
CUST00371,10,40,331262.15,4,5,3,12,Loyal
CUST00372,73,25,246316.9,1,3,2,6,At Risk
CUST00373,104,25,247640.55,1,3,2,6,At Risk
CUST00374,15,30,320000.33999999997,3,5,3,11,Loyal
CUST00375,14,17,153951.56,4,1,1,6,At Risk
CUST00376,33,21,313913.29000000004,2,2,3,7,Potential
CUST00377,21,28,459108.93,3,4,4,11,Loyal
CUST00378,30,22,226776.58,2,2,2,6,At Risk
CUST00379,5,33,196540.94,5,5,2,12,Loyal
CUST00380,160,26,341382.06,1,3,3,7,Potential
CUST00381,21,20,383275.60000000003,3,1,4,8,Potential
CUST00382,154,17,202733.04,1,1,2,4,At Risk
CUST00383,22,25,230394.31,3,3,2,8,Potential
CUST00384,5,34,623708.79,5,5,5,15,Champions
CUST00385,0,29,677128.51,5,4,5,14,Champions
CUST00386,1,25,75472.64,5,3,1,9,Potential
CUST00387,11,25,148671.29,4,3,1,8,Potential
CUST00388,132,12,369853.7,1,1,4,6,At Risk
CUST00389,32,34,489338.58,2,5,5,12,Loyal
CUST00390,16,23,129262.79000000001,3,2,1,6,At Risk
CUST00391,36,27,268875.92,2,4,2,8,Potential
CUST00392,78,22,643912.12,1,2,5,8,Potential
CUST00393,1,19,479036.09,5,1,4,10,Loyal
CUST00394,19,26,597865.3,3,3,5,11,Loyal
CUST00395,5,28,338400.2,5,4,3,12,Loyal
CUST00396,8,33,572687.32,4,5,5,14,Champions
CUST00397,12,31,131170.8,4,5,1,10,Loyal
CUST00398,31,33,370930.17,2,5,4,11,Loyal
CUST00399,42,19,345904.07,2,1,3,6,At Risk
CUST00400,7,22,118242.59,4,2,1,7,Potential
CUST00401,11,17,255540.22999999998,4,1,2,7,Potential
CUST00402,14,33,252967.88999999998,4,5,2,11,Loyal
CUST00403,54,17,226255.04,1,1,2,4,At Risk
CUST00404,2,20,200510.12,5,1,2,8,Potential
CUST00405,43,25,284715.43,2,3,3,8,Potential
CUST00406,36,32,479527.37000000005,2,5,4,11,Loyal
CUST00407,7,29,550213.81,4,4,5,13,Champions
CUST00408,10,27,392764.13,4,4,4,12,Loyal
CUST00409,17,22,194546.73,3,2,2,7,Potential
CUST00410,66,20,198765.46,1,1,2,4,At Risk
CUST00411,36,26,200281.21,2,3,2,7,Potential
CUST00412,1,23,360491.38,5,2,3,10,Loyal
CUST00413,19,25,159233.94,3,3,1,7,Potential
CUST00414,1,24,547113.28,5,3,5,13,Champions
CUST00415,129,24,457663.02,1,3,4,8,Potential
CUST00416,6,24,221393.34000000003,5,3,2,10,Loyal
CUST00417,157,25,160414.34,1,3,1,5,At Risk
CUST00418,4,31,351050.94999999995,5,5,3,13,Champions
CUST00419,0,13,46104.06,5,1,1,7,Potential
CUST00420,2,26,209566.92,5,3,2,10,Loyal
CUST00421,5,23,336402.88,5,2,3,10,Loyal
CUST00422,13,25,259933.94999999998,4,3,2,9,Potential
CUST00423,20,31,564939.15,3,5,5,13,Champions
CUST00424,0,16,79393.36,5,1,1,7,Potential
CUST00425,79,20,285963.81,1,1,3,5,At Risk
CUST00426,0,29,258438.5,5,4,2,11,Loyal
CUST00427,13,23,310678.8,4,2,3,9,Potential
CUST00428,69,17,44447.09,1,1,1,3,Lost
CUST00429,19,34,526749.65,3,5,5,13,Champions
CUST00430,2,25,250509.16,5,3,2,10,Loyal
CUST00431,84,22,140875.34,1,2,1,4,At Risk
CUST00432,98,20,216803.33000000002,1,1,2,4,At Risk
CUST00433,6,21,72999.47,5,2,1,8,Potential
CUST00434,12,25,504792.88,4,3,5,12,Loyal
CUST00435,7,22,78907.1,4,2,1,7,Potential
CUST00436,23,23,152049.65,3,2,1,6,At Risk
CUST00437,6,27,312104.58,5,4,3,12,Loyal
CUST00438,22,14,90155.95999999999,3,1,1,5,At Risk
CUST00439,22,24,165064.22,3,3,1,7,Potential
CUST00440,25,25,344997.42,3,3,3,9,Potential
CUST00441,8,34,169623.93,4,5,1,10,Loyal
CUST00442,4,24,160480.75,5,3,1,9,Potential
CUST00443,7,19,565406.2,4,1,5,10,Loyal
CUST00444,16,23,150557.48,3,2,1,6,At Risk
CUST00445,13,24,200368.34999999998,4,3,2,9,Potential
CUST00446,21,32,620063.31,3,5,5,13,Champions
CUST00447,9,34,854700.43,4,5,5,14,Champions
CUST00448,38,22,94923.94,2,2,1,5,At Risk
CUST00449,3,36,488600.68,5,5,5,15,Champions
CUST00450,10,20,416101.86999999994,4,1,4,9,Potential
CUST00451,6,33,389727.39,5,5,4,14,Champions
CUST00452,41,27,648579.35,2,4,5,11,Loyal
CUST00453,45,15,63085.759999999995,1,1,1,3,Lost
CUST00454,13,22,99929.15000000001,4,2,1,7,Potential
CUST00455,3,28,236927.56,5,4,2,11,Loyal
CUST00456,46,29,117801.06,1,4,1,6,At Risk
CUST00457,31,23,668102.1799999999,2,2,5,9,Potential
CUST00458,59,28,253518.6,1,4,2,7,Potential
CUST00459,1,22,218015.47,5,2,2,9,Potential
CUST00460,50,17,296319.37,1,1,3,5,At Risk
CUST00461,0,18,209079.88,5,1,2,8,Potential
CUST00462,2,29,360382.82,5,4,3,12,Loyal
CUST00463,9,15,72257.96,4,1,1,6,At Risk
CUST00464,84,26,231976.51,1,3,2,6,At Risk
CUST00465,36,29,752467.2799999999,2,4,5,11,Loyal
CUST00466,10,21,329216.83999999997,4,2,3,9,Potential
CUST00467,59,20,392380.15,1,1,4,6,At Risk
CUST00468,89,22,391138.19,1,2,4,7,Potential
CUST00469,101,18,286727.0,1,1,3,5,At Risk
CUST00470,5,23,454112.43,5,2,4,11,Loyal
CUST00471,14,20,206840.3,4,1,2,7,Potential
CUST00472,37,28,231074.84,2,4,2,8,Potential
CUST00473,3,26,335036.54,5,3,3,11,Loyal
CUST00474,19,20,170240.47999999998,3,1,1,5,At Risk
CUST00475,9,25,568198.85,4,3,5,12,Loyal
CUST00476,34,24,282640.85,2,3,3,8,Potential
CUST00477,72,16,108804.87000000001,1,1,1,3,Lost
CUST00478,143,27,449443.45,1,4,4,9,Potential
CUST00479,16,31,342256.99,3,5,3,11,Loyal
CUST00480,1,18,235601.72,5,1,2,8,Potential
CUST00481,13,27,641040.58,4,4,5,13,Champions
CUST00482,4,18,125868.92,5,1,1,7,Potential
CUST00483,0,26,218329.69,5,3,2,10,Loyal
CUST00484,25,30,586064.3,3,5,5,13,Champions
CUST00485,20,25,256368.06,3,3,2,8,Potential
CUST00486,48,27,492392.81,1,4,5,10,Loyal
CUST00487,19,26,156470.3,3,3,1,7,Potential
CUST00488,45,20,619265.84,1,1,5,7,Potential
CUST00489,0,26,240517.83,5,3,2,10,Loyal
CUST00490,21,31,287232.98,3,5,3,11,Loyal
CUST00491,4,19,428951.03,5,1,4,10,Loyal
CUST00492,2,21,126770.49,5,2,1,8,Potential
CUST00493,65,20,525524.85,1,1,5,7,Potential
CUST00494,52,29,216854.47,1,4,2,7,Potential
CUST00495,1,21,401169.45,5,2,4,11,Loyal
CUST00496,44,31,309480.32,1,5,3,9,Potential
CUST00497,14,16,343846.97000000003,4,1,3,8,Potential
CUST00498,21,19,178164.09,3,1,1,5,At Risk
CUST00499,4,23,497680.89999999997,5,2,5,12,Loyal
CUST00500,3,28,704034.5599999999,5,4,5,14,Champions
CUST00501,30,23,82577.58,2,2,1,5,At Risk
CUST00502,36,31,379855.47000000003,2,5,4,11,Loyal
CUST00503,99,21,175635.1,1,2,1,4,At Risk
CUST00504,41,23,362175.47000000003,2,2,4,8,Potential
CUST00505,25,23,396975.07,3,2,4,9,Potential
CUST00506,1,23,312005.05,5,2,3,10,Loyal
CUST00507,7,23,297937.15,4,2,3,9,Potential
CUST00508,33,29,675607.29,2,4,5,11,Loyal
CUST00509,16,20,227349.07,3,1,2,6,At Risk
CUST00510,13,25,593502.27,4,3,5,12,Loyal
CUST00511,70,22,306431.21,1,2,3,6,At Risk
CUST00512,34,24,766571.96,2,3,5,10,Loyal
CUST00513,25,32,189880.49,3,5,2,10,Loyal
CUST00514,34,27,626501.89,2,4,5,11,Loyal
CUST00515,1,30,581754.07,5,5,5,15,Champions
CUST00516,19,27,433813.42,3,4,4,11,Loyal
CUST00517,21,29,463423.16000000003,3,4,4,11,Loyal
CUST00518,4,24,364504.27,5,3,4,12,Loyal
CUST00519,15,21,248453.4,3,2,2,7,Potential
CUST00520,14,18,221127.55000000002,4,1,2,7,Potential
CUST00521,18,24,315195.48,3,3,3,9,Potential
CUST00522,29,26,143242.97,2,3,1,6,At Risk
CUST00523,6,25,279017.24,5,3,3,11,Loyal
CUST00524,12,26,295901.56,4,3,3,10,Loyal
CUST00525,14,21,128875.01,4,2,1,7,Potential
CUST00526,7,23,304868.23,4,2,3,9,Potential
CUST00527,2,28,858005.83,5,4,5,14,Champions
CUST00528,21,19,522917.81000000006,3,1,5,9,Potential
CUST00529,1,34,516930.92,5,5,5,15,Champions
CUST00530,0,26,232920.29,5,3,2,10,Loyal
CUST00531,76,26,142054.48,1,3,1,5,At Risk
CUST00532,39,28,278916.24,2,4,3,9,Potential
CUST00533,37,19,179252.13999999998,2,1,1,4,At Risk
CUST00534,13,25,284581.85,4,3,3,10,Loyal
CUST00535,7,24,281938.98,4,3,3,10,Loyal
CUST00536,32,24,169892.95,2,3,1,6,At Risk
CUST00537,22,17,273993.74,3,1,3,7,Potential
CUST00538,43,34,254740.91999999998,2,5,2,9,Potential
CUST00539,15,31,457894.96,3,5,4,12,Loyal
CUST00540,39,24,87140.37,2,3,1,6,At Risk
CUST00541,2,34,416941.52999999997,5,5,4,14,Champions
CUST00542,56,24,237546.1,1,3,2,6,At Risk
CUST00543,3,20,344963.04,5,1,3,9,Potential
CUST00544,1,22,362169.62,5,2,4,11,Loyal
CUST00545,24,22,188459.29,3,2,2,7,Potential
CUST00546,5,27,158504.13,5,4,1,10,Loyal
CUST00547,42,25,221837.37,2,3,2,7,Potential
CUST00548,82,21,160147.26,1,2,1,4,At Risk
CUST00549,24,38,481514.14999999997,3,5,4,12,Loyal
CUST00550,21,25,144160.93,3,3,1,7,Potential
CUST00551,61,26,346126.06,1,3,3,7,Potential
CUST00552,19,22,351745.49,3,2,3,8,Potential
CUST00553,5,35,481587.94,5,5,4,14,Champions
CUST00554,68,24,227500.69999999998,1,3,2,6,At Risk
CUST00555,7,31,176883.93,4,5,1,10,Loyal
CUST00556,9,25,222899.25,4,3,2,9,Potential
CUST00557,153,20,348367.26,1,1,3,5,At Risk
CUST00558,31,32,250234.07,2,5,2,9,Potential
CUST00559,4,25,369655.61,5,3,4,12,Loyal
CUST00560,3,29,430255.3,5,4,4,13,Champions
CUST00561,29,17,132291.49,2,1,1,4,At Risk
CUST00562,14,34,944880.1,4,5,5,14,Champions
CUST00563,36,26,399835.32,2,3,4,9,Potential
CUST00564,10,39,482558.47,4,5,4,13,Champions
CUST00565,15,29,530463.68,3,4,5,12,Loyal
CUST00566,42,37,293424.74,2,5,3,10,Loyal
CUST00567,30,27,400572.29000000004,2,4,4,10,Loyal
CUST00568,10,23,433794.60000000003,4,2,4,10,Loyal
CUST00569,26,28,371999.32,3,4,4,11,Loyal
CUST00570,2,28,856134.37,5,4,5,14,Champions
CUST00571,38,24,475617.97,2,3,4,9,Potential
CUST00572,20,31,433800.43,3,5,4,12,Loyal
CUST00573,23,31,156963.25,3,5,1,9,Potential
CUST00574,16,22,352464.13999999996,3,2,3,8,Potential
CUST00575,0,23,124231.08,5,2,1,8,Potential
CUST00576,11,28,561690.62,4,4,5,13,Champions
CUST00577,2,32,564544.41,5,5,5,15,Champions
CUST00578,2,33,217977.62,5,5,2,12,Loyal
CUST00579,14,30,568007.64,4,5,5,14,Champions
CUST00580,46,27,128222.82,1,4,1,6,At Risk
CUST00581,49,25,118171.03,1,3,1,5,At Risk
CUST00582,17,28,279574.01,3,4,3,10,Loyal
CUST00583,3,34,167831.94999999998,5,5,1,11,Loyal
CUST00584,2,28,324060.18,5,4,3,12,Loyal
CUST00585,4,20,204164.23,5,1,2,8,Potential
CUST00586,2,23,452394.84,5,2,4,11,Loyal
CUST00587,55,27,104680.93000000001,1,4,1,6,At Risk
CUST00588,85,25,206721.45,1,3,2,6,At Risk
CUST00589,21,30,395289.34,3,5,4,12,Loyal
CUST00590,5,22,338021.36,5,2,3,10,Loyal
CUST00591,11,27,223253.28,4,4,2,10,Loyal
CUST00592,21,21,206232.97,3,2,2,7,Potential
CUST00593,8,31,375608.47,4,5,4,13,Champions
CUST00594,12,21,633400.0299999999,4,2,5,11,Loyal
CUST00595,45,28,228434.41,1,4,2,7,Potential
CUST00596,22,28,549147.7,3,4,5,12,Loyal
CUST00597,34,27,170443.88,2,4,1,7,Potential
CUST00598,50,22,341743.73,1,2,3,6,At Risk
CUST00599,2,19,324709.46,5,1,3,9,Potential
CUST00600,44,28,342191.12,1,4,3,8,Potential
CUST00601,4,21,461046.52999999997,5,2,4,11,Loyal
CUST00602,7,26,255803.69,4,3,2,9,Potential
CUST00603,16,23,443019.36,3,2,4,9,Potential
CUST00604,9,23,757527.35,4,2,5,11,Loyal
CUST00605,3,29,406697.18,5,4,4,13,Champions
CUST00606,4,33,261760.5,5,5,2,12,Loyal
CUST00607,21,16,332355.27999999997,3,1,3,7,Potential
CUST00608,42,21,547256.87,2,2,5,9,Potential
CUST00609,54,30,521798.99,1,5,5,11,Loyal
CUST00610,45,22,545499.87,1,2,5,8,Potential
CUST00611,24,21,258835.24999999997,3,2,2,7,Potential
CUST00612,21,26,139836.33,3,3,1,7,Potential
CUST00613,8,23,149447.79,4,2,1,7,Potential
CUST00614,19,30,421202.62,3,5,4,12,Loyal
CUST00615,13,17,499630.7,4,1,5,10,Loyal
CUST00616,7,21,354629.67,4,2,3,9,Potential
CUST00617,15,40,656661.33,3,5,5,13,Champions
CUST00618,1,32,326265.44,5,5,3,13,Champions
CUST00619,19,27,547303.52,3,4,5,12,Loyal
CUST00620,123,15,588120.9299999999,1,1,5,7,Potential
CUST00621,19,31,412815.51,3,5,4,12,Loyal
CUST00622,2,28,450904.64,5,4,4,13,Champions
CUST00623,11,21,146909.85,4,2,1,7,Potential
CUST00624,9,31,457130.91000000003,4,5,4,13,Champions
CUST00625,1,24,881184.62,5,3,5,13,Champions
CUST00626,43,16,334215.06,2,1,3,6,At Risk
CUST00627,30,28,407902.37,2,4,4,10,Loyal
CUST00628,56,27,270458.43,1,4,3,8,Potential
CUST00629,0,30,741955.66,5,5,5,15,Champions
CUST00630,18,18,90749.77,3,1,1,5,At Risk
CUST00631,7,28,477978.11,4,4,4,12,Loyal
CUST00632,1,19,271232.37,5,1,3,9,Potential
CUST00633,11,29,371727.77,4,4,4,12,Loyal
CUST00634,8,18,350771.8,4,1,3,8,Potential
CUST00635,1,32,575549.36,5,5,5,15,Champions
CUST00636,35,19,380450.8,2,1,4,7,Potential
CUST00637,22,24,306587.25,3,3,3,9,Potential
CUST00638,31,29,239519.66,2,4,2,8,Potential
CUST00639,21,24,167806.27,3,3,1,7,Potential
CUST00640,15,29,318013.89,3,4,3,10,Loyal
CUST00641,8,22,292988.64999999997,4,2,3,9,Potential
CUST00642,6,23,271080.37,5,2,3,10,Loyal
CUST00643,33,23,224125.5,2,2,2,6,At Risk
CUST00644,40,20,92285.43,2,1,1,4,At Risk
CUST00645,3,26,375771.76,5,3,4,12,Loyal
CUST00646,9,24,172242.16999999998,4,3,1,8,Potential
CUST00647,3,20,217615.56,5,1,2,8,Potential
CUST00648,73,27,239012.36000000002,1,4,2,7,Potential
CUST00649,0,19,352279.83,5,1,3,9,Potential
CUST00650,24,21,519476.32000000007,3,2,5,10,Loyal
CUST00651,26,32,193069.24,3,5,2,10,Loyal
CUST00652,28,28,460968.02,2,4,4,10,Loyal
CUST00653,38,23,186754.82,2,2,2,6,At Risk
CUST00654,23,23,214026.77,3,2,2,7,Potential
CUST00655,14,28,532310.66,4,4,5,13,Champions
CUST00656,25,19,542362.6900000001,3,1,5,9,Potential
CUST00657,19,22,402195.43,3,2,4,9,Potential
CUST00658,38,25,384024.08,2,3,4,9,Potential
CUST00659,75,23,176990.86000000002,1,2,1,4,At Risk
CUST00660,2,35,382208.62,5,5,4,14,Champions
CUST00661,10,25,368702.83999999997,4,3,4,11,Loyal
CUST00662,44,23,215545.35,1,2,2,5,At Risk
CUST00663,20,22,293627.53,3,2,3,8,Potential
CUST00664,9,32,678584.29,4,5,5,14,Champions
CUST00665,10,30,187598.05,4,5,2,11,Loyal
CUST00666,57,22,136980.43,1,2,1,4,At Risk
CUST00667,24,23,320007.89,3,2,3,8,Potential
CUST00668,10,28,270498.07,4,4,3,11,Loyal
CUST00669,28,27,416565.91,2,4,4,10,Loyal
CUST00670,51,24,405711.16000000003,1,3,4,8,Potential
CUST00671,94,26,307552.17,1,3,3,7,Potential
CUST00672,120,30,279909.76999999996,1,5,3,9,Potential
CUST00673,48,23,171644.13,1,2,1,4,At Risk
CUST00674,8,37,333533.09,4,5,3,12,Loyal
CUST00675,18,26,349815.4,3,3,3,9,Potential
CUST00676,58,26,235900.03,1,3,2,6,At Risk
CUST00677,5,18,147386.52000000002,5,1,1,7,Potential
CUST00678,69,23,165367.69,1,2,1,4,At Risk
CUST00679,3,19,188527.59,5,1,2,8,Potential
CUST00680,6,25,283820.56,5,3,3,11,Loyal
CUST00681,0,24,281645.94,5,3,3,11,Loyal
CUST00682,76,24,273944.6,1,3,3,7,Potential
CUST00683,29,25,155166.47999999998,2,3,1,6,At Risk
CUST00684,31,25,221900.54,2,3,2,7,Potential
CUST00685,15,23,180669.29,3,2,2,7,Potential
CUST00686,16,29,180942.65,3,4,2,9,Potential
CUST00687,0,24,136710.09,5,3,1,9,Potential
CUST00688,32,19,468668.20999999996,2,1,4,7,Potential
CUST00689,20,34,188400.96000000002,3,5,2,10,Loyal
CUST00690,46,28,418026.76,1,4,4,9,Potential
CUST00691,22,24,390486.71,3,3,4,10,Loyal
CUST00692,37,27,260200.1,2,4,2,8,Potential
CUST00693,96,20,349593.17,1,1,3,5,At Risk
CUST00694,4,23,365365.36,5,2,4,11,Loyal
CUST00695,12,16,358112.64,4,1,3,8,Potential
CUST00696,45,24,344006.24,1,3,3,7,Potential
CUST00697,2,30,124470.58,5,5,1,11,Loyal
CUST00698,5,21,208629.68,5,2,2,9,Potential
CUST00699,21,22,145629.41,3,2,1,6,At Risk
CUST00700,5,28,553200.21,5,4,5,14,Champions
CUST00701,23,22,647274.66,3,2,5,10,Loyal
CUST00702,78,27,294728.98,1,4,3,8,Potential
CUST00703,6,23,219017.97,5,2,2,9,Potential
CUST00704,51,34,570432.5399999999,1,5,5,11,Loyal
CUST00705,31,32,435736.51,2,5,4,11,Loyal
CUST00706,1,31,336995.42000000004,5,5,3,13,Champions
CUST00707,39,32,317513.76,2,5,3,10,Loyal
CUST00708,156,19,371488.9,1,1,4,6,At Risk
CUST00709,24,26,854582.98,3,3,5,11,Loyal
CUST00710,19,29,392458.7,3,4,4,11,Loyal
CUST00711,4,23,336537.05,5,2,3,10,Loyal
CUST00712,59,29,278374.26,1,4,3,8,Potential
CUST00713,107,20,498176.64999999997,1,1,5,7,Potential
CUST00714,36,28,872178.4,2,4,5,11,Loyal
CUST00715,5,17,180388.13,5,1,2,8,Potential
CUST00716,15,25,396657.68,3,3,4,10,Loyal
CUST00717,25,24,819583.53,3,3,5,11,Loyal
CUST00718,33,26,322153.37,2,3,3,8,Potential
CUST00719,22,26,132101.32,3,3,1,7,Potential
CUST00720,2,30,627472.88,5,5,5,15,Champions
CUST00721,0,27,220204.89,5,4,2,11,Loyal
CUST00722,26,28,122667.82,3,4,1,8,Potential
CUST00723,23,19,114275.88,3,1,1,5,At Risk
CUST00724,8,30,228936.54,4,5,2,11,Loyal
CUST00725,19,20,165070.94,3,1,1,5,At Risk
CUST00726,32,26,428166.14,2,3,4,9,Potential
CUST00727,17,24,315923.59,3,3,3,9,Potential
CUST00728,6,22,362828.46,5,2,4,11,Loyal
CUST00729,8,23,270069.05,4,2,3,9,Potential
CUST00730,10,28,128360.58,4,4,1,9,Potential
CUST00731,28,25,112833.63,2,3,1,6,At Risk
CUST00732,5,23,166605.61000000002,5,2,1,8,Potential
CUST00733,12,37,631471.79,4,5,5,14,Champions
CUST00734,47,24,942530.31,1,3,5,9,Potential
CUST00735,74,21,150702.65,1,2,1,4,At Risk
CUST00736,10,30,234133.7,4,5,2,11,Loyal
CUST00737,2,23,323223.34,5,2,3,10,Loyal
CUST00738,7,28,434252.07,4,4,4,12,Loyal
CUST00739,27,38,254304.99,2,5,2,9,Potential
CUST00740,4,30,266778.57,5,5,2,12,Loyal
CUST00741,0,32,315103.48,5,5,3,13,Champions
CUST00742,10,20,91453.95,4,1,1,6,At Risk
CUST00743,14,28,192352.04,4,4,2,10,Loyal
CUST00744,6,29,492501.45,5,4,5,14,Champions
CUST00745,7,28,489994.95,4,4,5,13,Champions
CUST00746,89,20,369431.51,1,1,4,6,At Risk
CUST00747,17,34,521781.06,3,5,5,13,Champions
CUST00748,30,29,638152.14,2,4,5,11,Loyal
CUST00749,47,28,746405.97,1,4,5,10,Loyal
CUST00750,44,31,471199.99,1,5,4,10,Loyal
CUST00751,31,22,468275.94999999995,2,2,4,8,Potential
CUST00752,8,27,504059.27,4,4,5,13,Champions
CUST00753,27,29,128563.27,2,4,1,7,Potential
CUST00754,183,20,337472.77,1,1,3,5,At Risk
CUST00755,3,31,594475.49,5,5,5,15,Champions
CUST00756,22,22,546287.17,3,2,5,10,Loyal
CUST00757,28,33,373221.4,2,5,4,11,Loyal
CUST00758,19,34,377048.32,3,5,4,12,Loyal
CUST00759,4,27,541748.1,5,4,5,14,Champions
CUST00760,32,25,269483.5,2,3,3,8,Potential
CUST00761,2,20,279949.41000000003,5,1,3,9,Potential
CUST00762,11,18,195616.61,4,1,2,7,Potential
CUST00763,3,23,730882.25,5,2,5,12,Loyal
CUST00764,37,14,148125.16999999998,2,1,1,4,At Risk
CUST00765,11,31,462399.69,4,5,4,13,Champions
CUST00766,11,21,110828.04,4,2,1,7,Potential
CUST00767,29,28,238086.0,2,4,2,8,Potential
CUST00768,3,29,283469.04,5,4,3,12,Loyal
CUST00769,69,26,146948.53,1,3,1,5,At Risk
CUST00770,2,27,307472.1,5,4,3,12,Loyal
CUST00771,1,20,249782.56,5,1,2,8,Potential
CUST00772,10,24,356105.94,4,3,3,10,Loyal
CUST00773,33,23,173319.66999999998,2,2,1,5,At Risk
CUST00774,56,27,313340.38,1,4,3,8,Potential
CUST00775,17,26,332132.97,3,3,3,9,Potential
CUST00776,44,27,478939.46,1,4,4,9,Potential
CUST00777,5,15,328861.88,5,1,3,9,Potential
CUST00778,9,22,344956.55,4,2,3,9,Potential
CUST00779,31,21,318663.83,2,2,3,7,Potential
CUST00780,78,27,309716.65,1,4,3,8,Potential
CUST00781,44,26,265913.31,1,3,2,6,At Risk
CUST00782,27,27,377538.17,2,4,4,10,Loyal
CUST00783,67,26,220567.41999999998,1,3,2,6,At Risk
CUST00784,15,23,523994.08,3,2,5,10,Loyal
CUST00785,44,32,192256.1,1,5,2,8,Potential
CUST00786,86,25,716277.4,1,3,5,9,Potential
CUST00787,0,28,199589.81,5,4,2,11,Loyal
CUST00788,34,24,620837.71,2,3,5,10,Loyal
CUST00789,32,24,269876.32,2,3,3,8,Potential
CUST00790,5,29,676730.16,5,4,5,14,Champions
CUST00791,35,30,141391.41,2,5,1,8,Potential
CUST00792,40,17,297444.58,2,1,3,6,At Risk
CUST00793,41,25,182336.91,2,3,2,7,Potential
CUST00794,30,17,167391.45,2,1,1,4,At Risk
CUST00795,3,23,306192.77,5,2,3,10,Loyal
CUST00796,35,21,466502.0,2,2,4,8,Potential
CUST00797,2,31,312219.21,5,5,3,13,Champions
CUST00798,6,27,460124.15,5,4,4,13,Champions
CUST00799,14,17,468346.97,4,1,4,9,Potential
CUST00800,38,16,209852.25,2,1,2,5,At Risk
CUST00801,58,20,106063.23,1,1,1,3,Lost
CUST00802,38,19,354131.93,2,1,3,6,At Risk
CUST00803,46,32,216760.38,1,5,2,8,Potential
CUST00804,3,23,370586.11,5,2,4,11,Loyal
CUST00805,20,33,161847.85,3,5,1,9,Potential
CUST00806,11,23,176327.51,4,2,1,7,Potential
CUST00807,21,27,600824.18,3,4,5,12,Loyal
CUST00808,30,26,205545.63,2,3,2,7,Potential
CUST00809,19,28,122799.07,3,4,1,8,Potential
CUST00810,56,24,485382.38,1,3,5,9,Potential
CUST00811,27,28,370562.7,2,4,4,10,Loyal
CUST00812,33,28,923167.5,2,4,5,11,Loyal
CUST00813,61,21,223285.79,1,2,2,5,At Risk
CUST00814,2,20,88320.36,5,1,1,7,Potential
CUST00815,88,25,495741.06,1,3,5,9,Potential
CUST00816,4,26,522413.26,5,3,5,13,Champions
CUST00817,3,26,312868.31,5,3,3,11,Loyal
CUST00818,32,27,352701.15,2,4,3,9,Potential
CUST00819,45,25,689240.27,1,3,5,9,Potential
CUST00820,70,27,297578.17,1,4,3,8,Potential
CUST00821,90,23,196118.72,1,2,2,5,At Risk
CUST00822,197,25,643511.22,1,3,5,9,Potential
CUST00823,48,18,128794.28,1,1,1,3,Lost
CUST00824,19,22,141983.12,3,2,1,6,At Risk
CUST00825,70,25,613140.69,1,3,5,9,Potential
CUST00826,45,21,573883.0399999999,1,2,5,8,Potential
CUST00827,8,23,357279.54,4,2,3,9,Potential
CUST00828,7,18,335648.79,4,1,3,8,Potential
CUST00829,10,24,232214.2,4,3,2,9,Potential
CUST00830,10,30,234664.14,4,5,2,11,Loyal
CUST00831,10,23,516517.48,4,2,5,11,Loyal
CUST00832,30,24,180117.42,2,3,1,6,At Risk
CUST00833,46,20,163965.38999999998,1,1,1,3,Lost
CUST00834,76,20,596235.27,1,1,5,7,Potential
CUST00835,12,27,220493.76,4,4,2,10,Loyal
CUST00836,70,21,382832.64,1,2,4,7,Potential
CUST00837,5,23,340120.29,5,2,3,10,Loyal
CUST00838,33,27,652377.88,2,4,5,11,Loyal
CUST00839,43,19,119082.02,2,1,1,4,At Risk
CUST00840,38,26,129763.01,2,3,1,6,At Risk
CUST00841,41,22,96118.08,2,2,1,5,At Risk
CUST00842,34,30,546921.12,2,5,5,12,Loyal
CUST00843,2,21,239785.46,5,2,2,9,Potential
CUST00844,6,23,141718.59,5,2,1,8,Potential
CUST00845,7,15,197126.13999999998,4,1,2,7,Potential
CUST00846,12,26,121727.39,4,3,1,8,Potential
CUST00847,14,21,331678.39,4,2,3,9,Potential
CUST00848,24,20,231134.42,3,1,2,6,At Risk
CUST00849,51,27,168436.13999999998,1,4,1,6,At Risk
CUST00850,52,17,188551.27,1,1,2,4,At Risk
CUST00851,0,19,306704.09,5,1,3,9,Potential
CUST00852,96,27,404002.19,1,4,4,9,Potential
CUST00853,68,18,156378.23,1,1,1,3,Lost
CUST00854,44,17,77729.95,1,1,1,3,Lost
CUST00855,25,23,197616.4,3,2,2,7,Potential
CUST00856,6,28,672245.84,5,4,5,14,Champions
CUST00857,52,25,181474.36000000002,1,3,2,6,At Risk
CUST00858,0,21,542944.02,5,2,5,12,Loyal
CUST00859,9,20,449535.0,4,1,4,9,Potential
CUST00860,70,20,299316.77999999997,1,1,3,5,At Risk
CUST00861,34,36,658637.18,2,5,5,12,Loyal
CUST00862,19,18,456732.84,3,1,4,8,Potential
CUST00863,45,26,400482.13,1,3,4,8,Potential
CUST00864,14,23,257730.90999999997,4,2,2,8,Potential
CUST00865,10,20,224693.69999999998,4,1,2,7,Potential
CUST00866,33,27,505504.84,2,4,5,11,Loyal
CUST00867,18,23,265771.47,3,2,2,7,Potential
CUST00868,13,20,201728.87,4,1,2,7,Potential
CUST00869,1,25,363520.61,5,3,4,12,Loyal
CUST00870,13,27,322671.52999999997,4,4,3,11,Loyal
CUST00871,32,19,450945.49,2,1,4,7,Potential
CUST00872,5,41,636001.02,5,5,5,15,Champions
CUST00873,48,16,192107.57,1,1,2,4,At Risk
CUST00874,118,25,237209.09,1,3,2,6,At Risk
CUST00875,4,30,243351.15999999997,5,5,2,12,Loyal
CUST00876,11,23,280429.95,4,2,3,9,Potential
CUST00877,3,32,432885.87,5,5,4,14,Champions
CUST00878,110,20,105592.98,1,1,1,3,Lost
CUST00879,4,21,105375.67,5,2,1,8,Potential
CUST00880,23,23,240190.72999999998,3,2,2,7,Potential
CUST00881,3,25,260044.1,5,3,2,10,Loyal
CUST00882,21,26,338929.94,3,3,3,9,Potential
CUST00883,27,30,496906.01,2,5,5,12,Loyal
CUST00884,1,24,235227.46,5,3,2,10,Loyal
CUST00885,1,39,743757.57,5,5,5,15,Champions
CUST00886,2,32,442102.52999999997,5,5,4,14,Champions
CUST00887,9,18,482072.98,4,1,4,9,Potential
CUST00888,0,28,866346.87,5,4,5,14,Champions
CUST00889,0,30,381349.51,5,5,4,14,Champions
CUST00890,7,24,202192.88,4,3,2,9,Potential
CUST00891,12,18,153201.83,4,1,1,6,At Risk
CUST00892,31,25,69657.06,2,3,1,6,At Risk
CUST00893,37,15,81971.16,2,1,1,4,At Risk
CUST00894,28,27,424078.41,2,4,4,10,Loyal
CUST00895,1,27,103888.98,5,4,1,10,Loyal
CUST00896,39,32,242639.22,2,5,2,9,Potential
CUST00897,12,32,226209.6,4,5,2,11,Loyal
CUST00898,15,24,1017147.24,3,3,5,11,Loyal
CUST00899,19,26,275289.8,3,3,3,9,Potential
CUST00900,11,16,162852.22,4,1,1,6,At Risk
CUST00901,2,24,214473.23,5,3,2,10,Loyal
CUST00902,41,16,598019.46,2,1,5,8,Potential
CUST00903,40,31,358742.93,2,5,3,10,Loyal
CUST00904,6,29,801298.1,5,4,5,14,Champions
CUST00905,28,27,180974.74,2,4,2,8,Potential
CUST00906,19,21,279454.68999999994,3,2,3,8,Potential
CUST00907,22,26,610405.84,3,3,5,11,Loyal
CUST00908,11,25,172919.76,4,3,1,8,Potential
CUST00909,3,23,218011.79,5,2,2,9,Potential
CUST00910,6,20,341253.30000000005,5,1,3,9,Potential
CUST00911,52,28,291295.8,1,4,3,8,Potential
CUST00912,60,27,199047.53,1,4,2,7,Potential
CUST00913,2,25,289300.48,5,3,3,11,Loyal
CUST00914,7,20,187018.1,4,1,2,7,Potential
CUST00915,35,33,275814.85,2,5,3,10,Loyal
CUST00916,32,23,298307.07,2,2,3,7,Potential
CUST00917,29,19,578319.26,2,1,5,8,Potential
CUST00918,23,26,116900.61,3,3,1,7,Potential
CUST00919,4,28,192142.19,5,4,2,11,Loyal
CUST00920,12,21,722640.09,4,2,5,11,Loyal
CUST00921,15,32,285697.66,3,5,3,11,Loyal
CUST00922,29,20,388903.34,2,1,4,7,Potential
CUST00923,1,25,228467.75,5,3,2,10,Loyal
CUST00924,7,28,412373.92,4,4,4,12,Loyal
CUST00925,61,21,218330.51,1,2,2,5,At Risk
CUST00926,30,15,48227.07,2,1,1,4,At Risk
CUST00927,7,21,509733.92,4,2,5,11,Loyal
CUST00928,32,23,104578.69,2,2,1,5,At Risk
CUST00929,20,26,269114.6,3,3,2,8,Potential
CUST00930,88,24,511193.38,1,3,5,9,Potential
CUST00931,16,21,375132.3,3,2,4,9,Potential
CUST00932,15,22,117206.5,3,2,1,6,At Risk
CUST00933,26,18,61769.93,3,1,1,5,At Risk
CUST00934,1,24,499292.07999999996,5,3,5,13,Champions
CUST00935,15,19,294609.57,3,1,3,7,Potential
CUST00936,6,27,389467.57,5,4,4,13,Champions
CUST00937,9,17,87687.56,4,1,1,6,At Risk
CUST00938,1,17,175895.22,5,1,1,7,Potential
CUST00939,9,38,395042.32,4,5,4,13,Champions
CUST00940,27,25,515344.47,2,3,5,10,Loyal
CUST00941,43,30,216400.49000000002,2,5,2,9,Potential
CUST00942,14,24,742427.8,4,3,5,12,Loyal
CUST00943,26,27,303995.63,3,4,3,10,Loyal
CUST00944,23,23,109639.07,3,2,1,6,At Risk
CUST00945,30,17,149268.23,2,1,1,4,At Risk
CUST00946,58,19,263470.43,1,1,2,4,At Risk
CUST00947,101,20,202798.02,1,1,2,4,At Risk
CUST00948,5,21,340904.47000000003,5,2,3,10,Loyal
CUST00949,14,25,128647.48000000001,4,3,1,8,Potential
CUST00950,60,27,469740.57999999996,1,4,4,9,Potential
CUST00951,5,21,733519.49,5,2,5,12,Loyal
CUST00952,47,24,375407.0,1,3,4,8,Potential
CUST00953,2,25,482311.48,5,3,4,12,Loyal
CUST00954,6,31,610217.6599999999,5,5,5,15,Champions
CUST00955,24,18,176722.90000000002,3,1,1,5,At Risk
CUST00956,132,26,540669.91,1,3,5,9,Potential
CUST00957,13,23,218833.34,4,2,2,8,Potential
CUST00958,37,23,542423.07,2,2,5,9,Potential
CUST00959,72,26,341334.24,1,3,3,7,Potential
CUST00960,69,16,117935.19,1,1,1,3,Lost
CUST00961,22,26,173666.51,3,3,1,7,Potential
CUST00962,59,17,138021.38,1,1,1,3,Lost
CUST00963,10,18,301678.43,4,1,3,8,Potential
CUST00964,8,28,196517.03,4,4,2,10,Loyal
CUST00965,12,24,320809.69999999995,4,3,3,10,Loyal
CUST00966,29,28,82948.22,2,4,1,7,Potential
CUST00967,61,20,183471.87,1,1,2,4,At Risk
CUST00968,38,21,407547.32,2,2,4,8,Potential
CUST00969,29,24,832800.29,2,3,5,10,Loyal
CUST00970,15,28,450093.16,3,4,4,11,Loyal
CUST00971,6,20,250365.1,5,1,2,8,Potential
CUST00972,36,25,345727.04,2,3,3,8,Potential
CUST00973,21,21,325708.08,3,2,3,8,Potential
CUST00974,9,33,571672.07,4,5,5,14,Champions
CUST00975,28,27,420450.99,2,4,4,10,Loyal
CUST00976,38,33,380976.08999999997,2,5,4,11,Loyal
CUST00977,5,23,385903.75,5,2,4,11,Loyal
CUST00978,66,31,482138.35000000003,1,5,4,10,Loyal
CUST00979,34,30,544105.62,2,5,5,12,Loyal
CUST00980,84,20,172371.81,1,1,1,3,Lost
CUST00981,19,24,372843.96,3,3,4,10,Loyal
CUST00982,0,34,769082.22,5,5,5,15,Champions
CUST00983,13,26,279538.54,4,3,3,10,Loyal
CUST00984,11,29,618644.16,4,4,5,13,Champions
CUST00985,1,28,372152.38999999996,5,4,4,13,Champions
CUST00986,0,23,219665.51,5,2,2,9,Potential
CUST00987,40,26,413726.99,2,3,4,9,Potential
CUST00988,11,26,287113.49,4,3,3,10,Loyal
CUST00989,2,27,157167.79,5,4,1,10,Loyal
CUST00990,44,16,503275.22,1,1,5,7,Potential
CUST00991,23,21,564800.97,3,2,5,10,Loyal
CUST00992,4,23,132472.63,5,2,1,8,Potential
CUST00993,28,18,438662.77,2,1,4,7,Potential
CUST00994,20,37,1033499.08,3,5,5,13,Champions
CUST00995,46,19,68651.27,1,1,1,3,Lost
CUST00996,8,17,230569.19999999998,4,1,2,7,Potential
CUST00997,15,15,134403.32,3,1,1,5,At Risk
CUST00998,36,20,195580.24000000002,2,1,2,5,At Risk
CUST00999,78,33,504054.14,1,5,5,11,Loyal
CUST01000,33,23,463103.11,2,2,4,8,Potential
CUST01001,42,23,551588.52,2,2,5,9,Potential
CUST01002,0,22,820950.33,5,2,5,12,Loyal
CUST01003,3,21,333377.41,5,2,3,10,Loyal
CUST01004,138,25,183364.71,1,3,2,6,At Risk
CUST01005,53,24,126230.62,1,3,1,5,At Risk
CUST01006,46,35,243900.7,1,5,2,8,Potential
CUST01007,5,25,147924.72999999998,5,3,1,9,Potential
CUST01008,4,27,238955.46,5,4,2,11,Loyal
CUST01009,17,23,131768.61,3,2,1,6,At Risk
CUST01010,84,31,352862.35,1,5,3,9,Potential
CUST01011,46,22,484489.17,1,2,4,7,Potential
CUST01012,26,29,227792.19999999998,3,4,2,9,Potential
CUST01013,1,35,512808.93,5,5,5,15,Champions
CUST01014,8,22,272881.16000000003,4,2,3,9,Potential
CUST01015,50,40,449571.69,1,5,4,10,Loyal
CUST01016,43,27,427218.39999999997,2,4,4,10,Loyal
CUST01017,84,23,488067.17,1,2,5,8,Potential
CUST01018,2,30,598851.21,5,5,5,15,Champions
CUST01019,60,26,311837.98,1,3,3,7,Potential
CUST01020,14,22,138198.34,4,2,1,7,Potential
CUST01021,33,26,532523.0,2,3,5,10,Loyal
CUST01022,16,34,394866.56,3,5,4,12,Loyal
CUST01023,47,25,471147.44,1,3,4,8,Potential
CUST01024,24,31,219649.87,3,5,2,10,Loyal
CUST01025,7,32,215010.9,4,5,2,11,Loyal
CUST01026,18,27,234830.12,3,4,2,9,Potential
CUST01027,16,26,325967.19,3,3,3,9,Potential
CUST01028,19,32,269861.94,3,5,3,11,Loyal
CUST01029,6,25,338138.91,5,3,3,11,Loyal
CUST01030,42,32,639739.62,2,5,5,12,Loyal
CUST01031,182,19,238331.59,1,1,2,4,At Risk
CUST01032,45,21,329090.01,1,2,3,6,At Risk
CUST01033,10,22,398245.8,4,2,4,10,Loyal
CUST01034,13,21,80735.03,4,2,1,7,Potential
CUST01035,17,27,636025.44,3,4,5,12,Loyal
CUST01036,130,24,569197.85,1,3,5,9,Potential
CUST01037,42,29,353629.11,2,4,3,9,Potential
CUST01038,16,20,182645.59,3,1,2,6,At Risk
CUST01039,36,26,308031.79000000004,2,3,3,8,Potential
CUST01040,33,37,465200.33,2,5,4,11,Loyal
CUST01041,22,37,517433.32,3,5,5,13,Champions
CUST01042,7,27,150910.77,4,4,1,9,Potential
CUST01043,32,15,279061.03,2,1,3,6,At Risk
CUST01044,7,32,548413.43,4,5,5,14,Champions
CUST01045,29,26,427500.58,2,3,4,9,Potential
CUST01046,35,26,438801.74,2,3,4,9,Potential
CUST01047,23,30,473042.05,3,5,4,12,Loyal
CUST01048,5,28,390537.52999999997,5,4,4,13,Champions
CUST01049,24,22,616800.17,3,2,5,10,Loyal
CUST01050,30,20,72413.87,2,1,1,4,At Risk
CUST01051,28,23,93750.29,2,2,1,5,At Risk
CUST01052,25,27,583249.43,3,4,5,12,Loyal
CUST01053,3,19,258654.72000000003,5,1,2,8,Potential
CUST01054,30,32,861595.3300000001,2,5,5,12,Loyal
CUST01055,5,26,420360.17,5,3,4,12,Loyal
CUST01056,53,35,461276.57,1,5,4,10,Loyal
CUST01057,21,25,510539.66000000003,3,3,5,11,Loyal
CUST01058,34,21,511741.41000000003,2,2,5,9,Potential
CUST01059,34,22,355610.57,2,2,3,7,Potential
CUST01060,6,25,207245.57,5,3,2,10,Loyal
CUST01061,8,36,337815.72000000003,4,5,3,12,Loyal
CUST01062,17,19,283202.66,3,1,3,7,Potential
CUST01063,4,20,312421.83,5,1,3,9,Potential
CUST01064,61,22,271868.5,1,2,3,6,At Risk
CUST01065,17,26,143893.38999999998,3,3,1,7,Potential
CUST01066,13,24,699131.5299999999,4,3,5,12,Loyal
CUST01067,32,18,757905.6000000001,2,1,5,8,Potential
CUST01068,59,24,78021.37,1,3,1,5,At Risk
CUST01069,12,24,456326.77999999997,4,3,4,11,Loyal
CUST01070,88,18,143275.44,1,1,1,3,Lost
CUST01071,62,18,72659.23999999999,1,1,1,3,Lost
CUST01072,29,17,289370.46,2,1,3,6,At Risk
CUST01073,16,21,210260.72,3,2,2,7,Potential
CUST01074,48,24,176006.0,1,3,1,5,At Risk
CUST01075,60,24,309990.52,1,3,3,7,Potential
CUST01076,40,26,430646.9,2,3,4,9,Potential
CUST01077,41,37,531414.96,2,5,5,12,Loyal
CUST01078,32,23,331010.89,2,2,3,7,Potential
CUST01079,69,20,476944.04000000004,1,1,4,6,At Risk
CUST01080,47,25,88063.84,1,3,1,5,At Risk
CUST01081,36,24,683547.6900000001,2,3,5,10,Loyal
CUST01082,20,30,438944.85,3,5,4,12,Loyal
CUST01083,5,23,282260.85,5,2,3,10,Loyal
CUST01084,5,27,278962.62,5,4,3,12,Loyal
CUST01085,0,20,142357.44999999998,5,1,1,7,Potential
CUST01086,118,18,179994.75999999998,1,1,1,3,Lost
CUST01087,4,29,705291.43,5,4,5,14,Champions
CUST01088,20,23,233997.56,3,2,2,7,Potential
CUST01089,14,21,320511.11,4,2,3,9,Potential
CUST01090,2,27,583640.62,5,4,5,14,Champions
CUST01091,13,16,300478.91,4,1,3,8,Potential
CUST01092,7,23,286225.77999999997,4,2,3,9,Potential
CUST01093,7,27,297733.19,4,4,3,11,Loyal
CUST01094,67,29,207758.97,1,4,2,7,Potential
CUST01095,63,21,229688.44999999998,1,2,2,5,At Risk
CUST01096,36,29,290593.06,2,4,3,9,Potential
CUST01097,8,27,368112.28,4,4,4,12,Loyal
CUST01098,4,29,278693.94,5,4,3,12,Loyal
CUST01099,249,24,350952.67,1,3,3,7,Potential
CUST01100,4,22,614972.01,5,2,5,12,Loyal
CUST01101,16,20,181390.0,3,1,2,6,At Risk
CUST01102,24,18,226397.0,3,1,2,6,At Risk
CUST01103,53,20,473086.1,1,1,4,6,At Risk
CUST01104,10,28,274889.26999999996,4,4,3,11,Loyal
CUST01105,11,21,165201.41999999998,4,2,1,7,Potential
CUST01106,23,27,315264.34,3,4,3,10,Loyal
CUST01107,5,30,274650.7,5,5,3,13,Champions
CUST01108,71,24,283918.36,1,3,3,7,Potential
CUST01109,32,20,68304.76,2,1,1,4,At Risk
CUST01110,33,20,231467.51,2,1,2,5,At Risk
CUST01111,62,20,247770.43,1,1,2,4,At Risk
CUST01112,6,30,260222.17,5,5,2,12,Loyal
CUST01113,7,23,302558.67,4,2,3,9,Potential
CUST01114,26,23,468085.63,3,2,4,9,Potential
CUST01115,9,20,163077.35,4,1,1,6,At Risk
CUST01116,35,26,284599.32,2,3,3,8,Potential
CUST01117,39,25,340599.65,2,3,3,8,Potential
CUST01118,7,25,337955.53,4,3,3,10,Loyal
CUST01119,13,25,127611.12000000001,4,3,1,8,Potential
CUST01120,4,22,405581.01,5,2,4,11,Loyal
CUST01121,51,34,455168.75,1,5,4,10,Loyal
CUST01122,16,20,247190.74000000002,3,1,2,6,At Risk
CUST01123,30,21,254888.32,2,2,2,6,At Risk
CUST01124,5,17,114229.11,5,1,1,7,Potential
CUST01125,28,24,277872.94,2,3,3,8,Potential
CUST01126,27,28,476538.42,2,4,4,10,Loyal
CUST01127,21,21,76531.57,3,2,1,6,At Risk
CUST01128,12,23,350360.92,4,2,3,9,Potential
CUST01129,3,30,396546.04,5,5,4,14,Champions
CUST01130,13,22,438245.16000000003,4,2,4,10,Loyal
CUST01131,1,36,475653.5,5,5,4,14,Champions
CUST01132,40,27,278066.78,2,4,3,9,Potential
CUST01133,11,29,90290.09,4,4,1,9,Potential
CUST01134,57,17,148210.11,1,1,1,3,Lost
CUST01135,20,29,315259.85000000003,3,4,3,10,Loyal
CUST01136,11,14,45896.03,4,1,1,6,At Risk
CUST01137,1,28,276579.13,5,4,3,12,Loyal
CUST01138,7,26,145576.73,4,3,1,8,Potential
CUST01139,3,21,487690.83,5,2,5,12,Loyal
CUST01140,64,25,254859.97999999998,1,3,2,6,At Risk
CUST01141,21,25,176872.2,3,3,1,7,Potential
CUST01142,18,19,213806.33000000002,3,1,2,6,At Risk
CUST01143,16,29,282696.93,3,4,3,10,Loyal
CUST01144,15,18,98652.58,3,1,1,5,At Risk
CUST01145,1,32,440274.83,5,5,4,14,Champions
CUST01146,75,25,179335.94,1,3,1,5,At Risk
CUST01147,5,21,187056.51,5,2,2,9,Potential
CUST01148,1,21,175336.6,5,2,1,8,Potential
CUST01149,20,28,491556.39999999997,3,4,5,12,Loyal
CUST01150,10,28,714332.37,4,4,5,13,Champions
CUST01151,13,28,347098.22,4,4,3,11,Loyal
CUST01152,10,24,108064.12000000001,4,3,1,8,Potential
CUST01153,72,26,322718.33,1,3,3,7,Potential
CUST01154,4,33,505098.66,5,5,5,15,Champions
CUST01155,2,27,399982.25,5,4,4,13,Champions
CUST01156,8,30,354618.57999999996,4,5,3,12,Loyal
CUST01157,21,25,237517.22,3,3,2,8,Potential
CUST01158,4,27,389243.0,5,4,4,13,Champions
CUST01159,4,22,326485.23,5,2,3,10,Loyal
CUST01160,8,38,810254.54,4,5,5,14,Champions
CUST01161,1,29,316849.01,5,4,3,12,Loyal
CUST01162,5,24,77453.06,5,3,1,9,Potential
CUST01163,64,34,222062.26,1,5,2,8,Potential
CUST01164,17,30,114993.41,3,5,1,9,Potential
CUST01165,14,16,68425.84,4,1,1,6,At Risk
CUST01166,19,21,217737.74,3,2,2,7,Potential
CUST01167,119,20,54807.85,1,1,1,3,Lost
CUST01168,23,28,259929.69,3,4,2,9,Potential
CUST01169,13,34,243159.13999999998,4,5,2,11,Loyal
CUST01170,28,19,438283.67,2,1,4,7,Potential
CUST01171,20,23,376743.73,3,2,4,9,Potential
CUST01172,32,15,308947.1,2,1,3,6,At Risk
CUST01173,25,28,455507.86,3,4,4,11,Loyal
CUST01174,4,24,270396.47,5,3,3,11,Loyal
CUST01175,2,33,429592.16,5,5,4,14,Champions
CUST01176,25,26,231721.85,3,3,2,8,Potential
CUST01177,2,30,570261.82,5,5,5,15,Champions
CUST01178,5,23,253416.53,5,2,2,9,Potential
CUST01179,57,25,375229.47,1,3,4,8,Potential
CUST01180,6,24,255897.83,5,3,2,10,Loyal
CUST01181,17,25,415779.54,3,3,4,10,Loyal
CUST01182,6,24,427609.99999999994,5,3,4,12,Loyal
CUST01183,1,26,137319.94,5,3,1,9,Potential
CUST01184,17,24,162014.24,3,3,1,7,Potential
CUST01185,50,25,320128.99,1,3,3,7,Potential
CUST01186,56,28,308594.4,1,4,3,8,Potential
CUST01187,12,30,302872.49,4,5,3,12,Loyal
CUST01188,3,21,201243.1,5,2,2,9,Potential
CUST01189,45,28,576278.8200000001,1,4,5,10,Loyal
CUST01190,58,29,388313.47,1,4,4,9,Potential
CUST01191,27,26,360502.84,2,3,4,9,Potential
CUST01192,14,25,243571.57,4,3,2,9,Potential
CUST01193,3,22,144091.63,5,2,1,8,Potential
CUST01194,7,30,249531.08,4,5,2,11,Loyal
CUST01195,34,31,322617.87,2,5,3,10,Loyal
CUST01196,31,15,78848.74,2,1,1,4,At Risk
CUST01197,1,24,367031.8,5,3,4,12,Loyal
CUST01198,122,23,215657.03,1,2,2,5,At Risk
CUST01199,50,20,722598.17,1,1,5,7,Potential
CUST01200,10,22,398187.36,4,2,4,10,Loyal
CUST01201,62,22,302481.69,1,2,3,6,At Risk
CUST01202,22,27,477202.53,3,4,4,11,Loyal
CUST01203,20,19,298246.20999999996,3,1,3,7,Potential
CUST01204,90,21,153672.43,1,2,1,4,At Risk
CUST01205,49,25,236643.55,1,3,2,6,At Risk
CUST01206,37,19,126734.23,2,1,1,4,At Risk
CUST01207,10,27,791991.4600000001,4,4,5,13,Champions
CUST01208,17,27,486163.02999999997,3,4,5,12,Loyal
CUST01209,18,19,435371.95,3,1,4,8,Potential
CUST01210,17,29,442810.83999999997,3,4,4,11,Loyal
CUST01211,6,25,327845.83,5,3,3,11,Loyal
CUST01212,0,25,338505.16,5,3,3,11,Loyal
CUST01213,22,20,223244.88,3,1,2,6,At Risk
CUST01214,8,32,793141.37,4,5,5,14,Champions
CUST01215,1,23,262446.79000000004,5,2,2,9,Potential
CUST01216,41,32,326451.51,2,5,3,10,Loyal
CUST01217,6,19,210694.55,5,1,2,8,Potential
CUST01218,15,40,471807.14999999997,3,5,4,12,Loyal
CUST01219,41,20,425245.23,2,1,4,7,Potential
CUST01220,207,19,292018.19,1,1,3,5,At Risk
CUST01221,0,22,631295.5499999999,5,2,5,12,Loyal
CUST01222,32,26,335023.86,2,3,3,8,Potential
CUST01223,19,21,225043.26,3,2,2,7,Potential
CUST01224,14,25,306612.48000000004,4,3,3,10,Loyal
CUST01225,6,23,144031.81,5,2,1,8,Potential
CUST01226,9,24,633727.02,4,3,5,12,Loyal
CUST01227,68,30,355557.71,1,5,3,9,Potential
CUST01228,68,23,295913.41000000003,1,2,3,6,At Risk
CUST01229,12,36,751302.01,4,5,5,14,Champions
CUST01230,9,18,92059.94,4,1,1,6,At Risk
CUST01231,1,21,143859.56,5,2,1,8,Potential
CUST01232,11,27,458267.54,4,4,4,12,Loyal
CUST01233,24,30,221360.44,3,5,2,10,Loyal
CUST01234,26,31,394696.69,3,5,4,12,Loyal
CUST01235,29,23,472792.03,2,2,4,8,Potential
CUST01236,15,21,137446.59,3,2,1,6,At Risk
CUST01237,10,22,399141.87,4,2,4,10,Loyal
CUST01238,2,23,266493.76,5,2,2,9,Potential
CUST01239,4,37,516476.48000000004,5,5,5,15,Champions
CUST01240,25,23,333215.09,3,2,3,8,Potential
CUST01241,20,20,425492.73,3,1,4,8,Potential
CUST01242,57,24,495792.26,1,3,5,9,Potential
CUST01243,4,29,350462.56,5,4,3,12,Loyal
CUST01244,58,21,237440.04,1,2,2,5,At Risk
CUST01245,18,20,388629.14,3,1,4,8,Potential
CUST01246,5,27,274089.12,5,4,3,12,Loyal
CUST01247,3,26,418104.9,5,3,4,12,Loyal
CUST01248,27,29,714477.31,2,4,5,11,Loyal
CUST01249,31,21,190549.68,2,2,2,6,At Risk
CUST01250,15,25,325418.26,3,3,3,9,Potential
CUST01251,14,31,538063.33,4,5,5,14,Champions
CUST01252,49,12,44396.03,1,1,1,3,Lost
CUST01253,5,28,245953.02,5,4,2,11,Loyal
CUST01254,135,16,123154.38,1,1,1,3,Lost
CUST01255,3,28,407893.38,5,4,4,13,Champions
CUST01256,24,30,392755.26999999996,3,5,4,12,Loyal
CUST01257,89,21,421288.91000000003,1,2,4,7,Potential
CUST01258,12,34,242019.32,4,5,2,11,Loyal
CUST01259,9,30,346950.0,4,5,3,12,Loyal
CUST01260,1,28,576279.1,5,4,5,14,Champions
CUST01261,13,20,83149.6,4,1,1,6,At Risk
CUST01262,20,20,337495.44,3,1,3,7,Potential
CUST01263,10,32,315522.98,4,5,3,12,Loyal
CUST01264,61,21,88935.59,1,2,1,4,At Risk
CUST01265,32,21,59033.54,2,2,1,5,At Risk
CUST01266,8,27,386701.61,4,4,4,12,Loyal
CUST01267,7,26,398218.68,4,3,4,11,Loyal
CUST01268,7,23,309355.27,4,2,3,9,Potential
CUST01269,63,24,130925.61,1,3,1,5,At Risk
CUST01270,2,30,371287.31,5,5,4,14,Champions
CUST01271,35,24,466677.93,2,3,4,9,Potential
CUST01272,12,19,257594.79,4,1,2,7,Potential
CUST01273,21,19,103410.19,3,1,1,5,At Risk
CUST01274,40,18,326886.95,2,1,3,6,At Risk
CUST01275,25,20,304788.33999999997,3,1,3,7,Potential
CUST01276,9,33,774645.58,4,5,5,14,Champions
CUST01277,18,24,279945.53,3,3,3,9,Potential
CUST01278,55,26,494949.11,1,3,5,9,Potential
CUST01279,0,23,160521.32,5,2,1,8,Potential
CUST01280,60,14,49474.229999999996,1,1,1,3,Lost
CUST01281,43,25,229067.03,2,3,2,7,Potential
CUST01282,46,29,346504.39,1,5,3,9,Potential
CUST01283,21,26,325885.19999999995,3,3,3,9,Potential
CUST01284,1,22,306961.94999999995,5,2,3,10,Loyal
CUST01285,71,24,309279.87,1,3,3,7,Potential
CUST01286,35,26,170879.84,2,4,1,7,Potential
CUST01287,4,28,554630.14,5,4,5,14,Champions
CUST01288,55,27,442380.76999999996,1,4,4,9,Potential
CUST01289,15,22,404394.22000000003,3,2,4,9,Potential
CUST01290,42,21,246551.80000000002,2,2,2,6,At Risk
CUST01291,2,26,485125.11,5,4,4,13,Champions
CUST01292,35,25,324534.89,2,3,3,8,Potential
CUST01293,76,29,185322.08,1,5,2,8,Potential
CUST01294,61,24,445973.33,1,3,4,8,Potential
CUST01295,28,23,184634.2,2,2,2,6,At Risk
CUST01296,32,13,66798.98,2,1,1,4,At Risk
CUST01297,56,20,142476.9,1,1,1,3,Lost
CUST01298,11,34,861953.0,4,5,5,14,Champions
CUST01299,29,26,248548.33000000002,2,4,2,8,Potential
CUST01300,13,20,48267.97,4,1,1,6,At Risk
CUST01301,20,25,140346.23,3,3,1,7,Potential
CUST01302,67,23,159165.38,1,2,1,4,At Risk
CUST01303,10,25,326669.92000000004,4,3,3,10,Loyal
CUST01304,112,22,500773.43,1,2,5,8,Potential
CUST01305,40,26,211558.46,2,4,2,8,Potential
CUST01306,2,27,482297.47,5,4,4,13,Champions
CUST01307,6,30,385298.61,5,5,4,14,Champions
CUST01308,19,26,158586.01,3,4,1,8,Potential
CUST01309,25,18,293074.25,3,1,3,7,Potential
CUST01310,40,19,255423.16999999998,2,1,2,5,At Risk
CUST01311,24,25,408190.04000000004,3,3,4,10,Loyal
CUST01312,33,29,269054.30000000005,2,5,2,9,Potential
CUST01313,17,20,176942.87999999998,3,1,1,5,At Risk
CUST01314,2,21,321433.0,5,2,3,10,Loyal
CUST01315,30,27,209301.91,2,4,2,8,Potential
CUST01316,41,21,142406.04,2,2,1,5,At Risk
CUST01317,0,29,183965.31,5,5,2,12,Loyal
CUST01318,2,24,344829.55,5,3,3,11,Loyal
CUST01319,3,25,370649.48,5,3,4,12,Loyal
CUST01320,0,18,222099.58,5,1,2,8,Potential
CUST01321,10,28,411020.89999999997,4,4,4,12,Loyal
CUST01322,41,23,381761.85000000003,2,2,4,8,Potential
CUST01323,6,31,565858.71,5,5,5,15,Champions
CUST01324,3,28,507025.04,5,4,5,14,Champions
CUST01325,41,28,104229.27,2,4,1,7,Potential
CUST01326,27,27,289265.17,2,4,3,9,Potential
CUST01327,16,26,242186.37,3,4,2,9,Potential
CUST01328,71,21,238123.19,1,2,2,5,At Risk
CUST01329,40,26,405459.01,2,4,4,10,Loyal
CUST01330,50,31,365016.69,1,5,4,10,Loyal
CUST01331,1,36,358763.01,5,5,3,13,Champions
CUST01332,2,29,477414.49,5,5,4,14,Champions
CUST01333,76,28,279635.06,1,4,3,8,Potential
CUST01334,38,26,117796.21,2,4,1,7,Potential
CUST01335,13,29,326536.16,4,5,3,12,Loyal
CUST01336,32,22,637396.59,2,2,5,9,Potential
CUST01337,10,22,463642.14,4,2,4,10,Loyal
CUST01338,2,34,686588.84,5,5,5,15,Champions
CUST01339,6,25,439545.35,5,3,4,12,Loyal
CUST01340,17,32,523648.8,3,5,5,13,Champions
CUST01341,8,24,369452.73999999993,4,3,4,11,Loyal
CUST01342,9,24,570615.3,4,3,5,12,Loyal
CUST01343,18,20,395103.08,3,1,4,8,Potential
CUST01344,1,26,651702.76,5,4,5,14,Champions
CUST01345,27,33,256527.62999999998,2,5,2,9,Potential
CUST01346,24,26,86916.76,3,4,1,8,Potential
CUST01347,1,25,237435.02,5,3,2,10,Loyal
CUST01348,8,19,417424.26,4,1,4,9,Potential
CUST01349,62,17,216447.76,1,1,2,4,At Risk
CUST01350,48,23,349174.98,1,2,3,6,At Risk
CUST01351,13,24,137772.93,4,3,1,8,Potential
CUST01352,17,24,947827.3300000001,3,3,5,11,Loyal
CUST01353,4,28,303286.88,5,4,3,12,Loyal
CUST01354,47,28,113981.06,1,4,1,6,At Risk
CUST01355,51,18,133294.13,1,1,1,3,Lost
CUST01356,56,24,687234.63,1,3,5,9,Potential
CUST01357,35,22,620831.4199999999,2,2,5,9,Potential
CUST01358,9,21,255965.7,4,2,2,8,Potential
CUST01359,0,36,237931.16999999998,5,5,2,12,Loyal
CUST01360,83,14,479022.78,1,1,4,6,At Risk
CUST01361,75,24,346980.16000000003,1,3,3,7,Potential
CUST01362,3,25,129932.37000000001,5,3,1,9,Potential
CUST01363,17,22,141213.52,3,2,1,6,At Risk
CUST01364,127,21,102998.62,1,2,1,4,At Risk
CUST01365,7,22,376806.56,4,2,4,10,Loyal
CUST01366,2,24,442932.06,5,3,4,12,Loyal
CUST01367,12,26,493822.73000000004,4,4,5,13,Champions
CUST01368,12,30,410819.92,4,5,4,13,Champions
CUST01369,2,24,95832.96,5,3,1,9,Potential
CUST01370,32,27,604280.0299999999,2,4,5,11,Loyal
CUST01371,91,23,386566.77,1,2,4,7,Potential
CUST01372,21,28,385927.71,3,4,4,11,Loyal
CUST01373,112,12,53406.4,1,1,1,3,Lost
CUST01374,18,15,554138.6499999999,3,1,5,9,Potential
CUST01375,45,21,258992.0,1,2,2,5,At Risk
CUST01376,42,23,707463.5599999999,2,2,5,9,Potential
CUST01377,9,21,111759.56,4,2,1,7,Potential
CUST01378,44,28,367819.89,1,4,4,9,Potential
CUST01379,13,28,298803.68,4,4,3,11,Loyal
CUST01380,18,32,539461.9199999999,3,5,5,13,Champions
CUST01381,10,27,590694.58,4,4,5,13,Champions
CUST01382,39,30,175640.15,2,5,1,8,Potential
CUST01383,29,34,643264.94,2,5,5,12,Loyal
CUST01384,7,26,661308.77,4,4,5,13,Champions
CUST01385,16,30,142860.28,3,5,1,9,Potential
CUST01386,24,28,590993.56,3,4,5,12,Loyal
CUST01387,3,25,303748.97000000003,5,3,3,11,Loyal
CUST01388,22,31,294237.25,3,5,3,11,Loyal
CUST01389,111,14,58052.25,1,1,1,3,Lost
CUST01390,19,22,400324.89,3,2,4,9,Potential
CUST01391,25,26,540795.38,3,4,5,12,Loyal
CUST01392,18,28,699435.9500000001,3,4,5,12,Loyal
CUST01393,14,30,393269.81,4,5,4,13,Champions
CUST01394,19,26,380760.34,3,4,4,11,Loyal
CUST01395,3,23,505098.13,5,2,5,12,Loyal
CUST01396,67,25,252011.68,1,3,2,6,At Risk
CUST01397,0,26,205337.85,5,4,2,11,Loyal
CUST01398,9,22,468267.81,4,2,4,10,Loyal
CUST01399,0,25,152296.11,5,3,1,9,Potential
CUST01400,27,24,162377.53,2,3,1,6,At Risk
CUST01401,41,25,96654.79,2,3,1,6,At Risk
CUST01402,9,26,129654.31000000001,4,4,1,9,Potential
CUST01403,1,24,82359.24,5,3,1,9,Potential
CUST01404,126,16,136611.99,1,1,1,3,Lost
CUST01405,16,23,368964.64,3,2,4,9,Potential
CUST01406,22,29,437887.68,3,5,4,12,Loyal
CUST01407,29,28,330607.54000000004,2,4,3,9,Potential
CUST01408,5,26,569283.13,5,4,5,14,Champions
CUST01409,0,25,404844.66,5,3,4,12,Loyal
CUST01410,7,20,137191.43,4,1,1,6,At Risk
CUST01411,20,27,186253.14,3,4,2,9,Potential
CUST01412,20,28,148258.61,3,4,1,8,Potential
CUST01413,16,24,249657.69,3,3,2,8,Potential
CUST01414,35,30,543415.42,2,5,5,12,Loyal
CUST01415,20,28,373966.63999999996,3,4,4,11,Loyal
CUST01416,4,26,137960.51,5,4,1,10,Loyal
CUST01417,97,18,268804.32,1,1,2,4,At Risk
CUST01418,7,30,623572.21,4,5,5,14,Champions
CUST01419,2,23,130750.62,5,2,1,8,Potential
CUST01420,17,22,795040.97,3,2,5,10,Loyal
CUST01421,49,31,1058543.27,1,5,5,11,Loyal
CUST01422,8,24,134887.55,4,3,1,8,Potential
CUST01423,62,26,546825.35,1,4,5,10,Loyal
CUST01424,9,25,299593.83999999997,4,3,3,10,Loyal
CUST01425,6,26,509271.83999999997,5,4,5,14,Champions
CUST01426,194,15,91778.79,1,1,1,3,Lost
CUST01427,1,25,365594.2,5,3,4,12,Loyal
CUST01428,7,21,245014.84,4,2,2,8,Potential
CUST01429,3,17,483508.88,5,1,4,10,Loyal
CUST01430,6,28,181167.73,5,4,2,11,Loyal
CUST01431,34,28,499635.44,2,4,5,11,Loyal
CUST01432,37,24,222040.81,2,3,2,7,Potential
CUST01433,8,30,308036.52,4,5,3,12,Loyal
CUST01434,10,27,332691.92,4,4,3,11,Loyal
CUST01435,21,20,439926.72,3,1,4,8,Potential
CUST01436,16,21,185671.54,3,2,2,7,Potential
CUST01437,1,17,118434.45,5,1,1,7,Potential
CUST01438,13,23,384741.16000000003,4,2,4,10,Loyal
CUST01439,44,32,582049.2599999999,1,5,5,11,Loyal
CUST01440,22,30,535837.74,3,5,5,13,Champions
CUST01441,46,27,286281.23,1,4,3,8,Potential
CUST01442,0,36,259048.23,5,5,2,12,Loyal
CUST01443,29,33,777376.2999999999,2,5,5,12,Loyal
CUST01444,22,27,522084.44,3,4,5,12,Loyal
CUST01445,12,19,166654.13,4,1,1,6,At Risk
CUST01446,3,26,98518.61,5,4,1,10,Loyal
CUST01447,19,25,141008.26,3,3,1,7,Potential
CUST01448,15,28,788920.67,3,4,5,12,Loyal
CUST01449,59,19,682398.6900000001,1,1,5,7,Potential
CUST01450,2,26,209506.17,5,4,2,11,Loyal
CUST01451,37,21,165863.2,2,2,1,5,At Risk
CUST01452,23,22,489691.02,3,2,5,10,Loyal
CUST01453,54,24,170271.18,1,3,1,5,At Risk
CUST01454,42,27,367686.98,2,4,4,10,Loyal
CUST01455,73,22,207087.84,1,2,2,5,At Risk
CUST01456,35,27,414801.39,2,4,4,10,Loyal
CUST01457,66,21,394000.67,1,2,4,7,Potential
CUST01458,7,37,198538.78,4,5,2,11,Loyal
CUST01459,0,23,184161.32,5,2,2,9,Potential
CUST01460,19,25,513614.56,3,3,5,11,Loyal
CUST01461,7,31,477442.16000000003,4,5,4,13,Champions
CUST01462,3,24,176624.72,5,3,1,9,Potential
CUST01463,13,18,397448.48000000004,4,1,4,9,Potential
CUST01464,20,32,728554.52,3,5,5,13,Champions
CUST01465,84,15,197627.33000000002,1,1,2,4,At Risk
CUST01466,171,19,234072.01,1,1,2,4,At Risk
CUST01467,0,20,164439.08,5,1,1,7,Potential
CUST01468,8,21,173857.05,4,2,1,7,Potential
CUST01469,38,25,197401.65,2,3,2,7,Potential
CUST01470,4,33,485211.33,5,5,5,15,Champions
CUST01471,16,20,662771.57,3,1,5,9,Potential
CUST01472,12,27,334990.10000000003,4,4,3,11,Loyal
CUST01473,26,25,960621.16,3,3,5,11,Loyal
CUST01474,2,26,261908.82,5,4,2,11,Loyal
CUST01475,4,23,377741.33999999997,5,2,4,11,Loyal
CUST01476,53,20,213382.59,1,1,2,4,At Risk
CUST01477,2,23,175654.79,5,2,1,8,Potential
CUST01478,22,35,403851.36,3,5,4,12,Loyal
CUST01479,14,24,321044.47000000003,4,3,3,10,Loyal
CUST01480,93,23,262592.77,1,2,2,5,At Risk
CUST01481,10,27,296621.98,4,4,3,11,Loyal
CUST01482,17,29,736206.68,3,5,5,13,Champions
CUST01483,48,21,333660.88,1,2,3,6,At Risk
CUST01484,18,18,481603.32,3,1,4,8,Potential
CUST01485,15,30,191620.41,3,5,2,10,Loyal
CUST01486,9,31,614990.07,4,5,5,14,Champions
CUST01487,20,22,276389.16,3,2,3,8,Potential
CUST01488,58,24,341606.89,1,3,3,7,Potential
CUST01489,26,22,530195.58,3,2,5,10,Loyal
CUST01490,44,26,478385.07,1,4,4,9,Potential
CUST01491,9,21,209975.61,4,2,2,8,Potential
CUST01492,0,22,178782.52,5,2,1,8,Potential
CUST01493,34,26,503821.14,2,4,5,11,Loyal
CUST01494,64,26,444661.33999999997,1,4,4,9,Potential
CUST01495,37,22,250393.33000000002,2,2,2,6,At Risk
CUST01496,15,28,388964.5,3,4,4,11,Loyal
CUST01497,0,25,646315.98,5,3,5,13,Champions
CUST01498,5,34,431011.9,5,5,4,14,Champions
CUST01499,7,18,87459.12,4,1,1,6,At Risk
CUST01500,2,31,146189.63,5,5,1,11,Loyal
CUST01501,12,31,237020.39,4,5,2,11,Loyal
CUST01502,3,15,309713.32999999996,5,1,3,9,Potential
CUST01503,39,25,321125.08,2,3,3,8,Potential
CUST01504,44,21,438433.49,1,2,4,7,Potential
CUST01505,31,25,133330.78,2,3,1,6,At Risk
CUST01506,1,32,307465.39999999997,5,5,3,13,Champions
CUST01507,32,27,393997.12,2,4,4,10,Loyal
CUST01508,48,21,229723.68,1,2,2,5,At Risk
CUST01509,109,30,693383.12,1,5,5,11,Loyal
CUST01510,27,25,432147.5,2,3,4,9,Potential
CUST01511,43,28,413429.51,2,4,4,10,Loyal
CUST01512,4,38,252031.87,5,5,2,12,Loyal
CUST01513,29,24,261509.42,2,3,2,7,Potential
CUST01514,2,21,94586.83,5,2,1,8,Potential
CUST01515,3,25,306172.61,5,3,3,11,Loyal
CUST01516,1,22,315124.6,5,2,3,10,Loyal
CUST01517,18,32,527626.09,3,5,5,13,Champions
CUST01518,1,25,434066.59,5,3,4,12,Loyal
CUST01519,63,20,109006.4,1,1,1,3,Lost
CUST01520,27,32,592934.46,2,5,5,12,Loyal
CUST01521,34,27,426865.35,2,4,4,10,Loyal
CUST01522,49,22,95521.12,1,2,1,4,At Risk
CUST01523,35,15,158745.41,2,1,1,4,At Risk
CUST01524,4,27,127087.28,5,4,1,10,Loyal
CUST01525,43,29,234547.83,2,5,2,9,Potential
CUST01526,48,26,382163.29,1,4,4,9,Potential
CUST01527,52,21,165285.48,1,2,1,4,At Risk
CUST01528,13,30,352619.64,4,5,3,12,Loyal
CUST01529,35,25,471673.84,2,3,4,9,Potential
CUST01530,108,18,87460.56999999999,1,1,1,3,Lost
CUST01531,7,31,312734.06,4,5,3,12,Loyal
CUST01532,15,30,802844.41,3,5,5,13,Champions
CUST01533,0,30,494584.77,5,5,5,15,Champions
CUST01534,32,25,434598.45,2,3,4,9,Potential
CUST01535,28,28,309729.6,2,4,3,9,Potential
CUST01536,30,25,386986.69,2,3,4,9,Potential
CUST01537,2,20,348892.9,5,1,3,9,Potential
CUST01538,10,21,460227.25,4,2,4,10,Loyal
CUST01539,4,21,583564.54,5,2,5,12,Loyal
CUST01540,33,22,297176.07,2,2,3,7,Potential
CUST01541,8,32,142783.13999999998,4,5,1,10,Loyal
CUST01542,1,32,622780.11,5,5,5,15,Champions
CUST01543,19,27,389798.09,3,4,4,11,Loyal
CUST01544,17,20,539098.99,3,1,5,9,Potential
CUST01545,1,32,489887.64,5,5,5,15,Champions
CUST01546,4,23,767625.6699999999,5,2,5,12,Loyal
CUST01547,7,22,175750.03,4,2,1,7,Potential
CUST01548,22,19,654000.02,3,1,5,9,Potential
CUST01549,28,24,452401.13,2,3,4,9,Potential
CUST01550,8,23,210531.66,4,2,2,8,Potential
CUST01551,148,22,244441.91999999998,1,2,2,5,At Risk
CUST01552,8,21,517989.41,4,2,5,11,Loyal
CUST01553,13,24,293389.24,4,3,3,10,Loyal
CUST01554,17,19,160181.39,3,1,1,5,At Risk
CUST01555,42,30,329666.86,2,5,3,10,Loyal
CUST01556,35,25,194691.91,2,3,2,7,Potential
CUST01557,7,27,203064.16,4,4,2,10,Loyal
CUST01558,9,29,717159.21,4,5,5,14,Champions
CUST01559,23,22,87449.92,3,2,1,6,At Risk
CUST01560,40,30,274440.84,2,5,3,10,Loyal
CUST01561,35,27,191941.22,2,4,2,8,Potential
CUST01562,12,27,267972.98,4,4,2,10,Loyal
CUST01563,12,31,716589.25,4,5,5,14,Champions
CUST01564,7,25,710851.36,4,3,5,12,Loyal
CUST01565,59,20,208834.72,1,1,2,4,At Risk
CUST01566,8,32,347264.86,4,5,3,12,Loyal
CUST01567,9,28,237758.01,4,4,2,10,Loyal
CUST01568,54,31,329391.64,1,5,3,9,Potential
CUST01569,18,24,541166.09,3,3,5,11,Loyal
CUST01570,76,26,181089.45,1,4,2,7,Potential
CUST01571,13,18,91157.31,4,1,1,6,At Risk
CUST01572,80,29,247039.11000000002,1,5,2,8,Potential
CUST01573,29,23,325832.88,2,2,3,7,Potential
CUST01574,34,22,439340.12,2,2,4,8,Potential
CUST01575,43,24,420517.45,2,3,4,9,Potential
CUST01576,42,27,547341.78,2,4,5,11,Loyal
CUST01577,9,29,276608.76,4,5,3,12,Loyal
CUST01578,232,24,535282.74,1,3,5,9,Potential
CUST01579,19,29,328890.54,3,5,3,11,Loyal
CUST01580,9,26,198083.38999999998,4,4,2,10,Loyal
CUST01581,52,30,269401.62,1,5,2,8,Potential
CUST01582,19,24,185226.21,3,3,2,8,Potential
CUST01583,36,18,144750.35,2,1,1,4,At Risk
CUST01584,28,22,410119.07,2,2,4,8,Potential
CUST01585,34,21,88281.35,2,2,1,5,At Risk
CUST01586,53,24,325756.75,1,3,3,7,Potential
CUST01587,36,26,341721.45,2,4,3,9,Potential
CUST01588,79,23,362306.88,1,2,4,7,Potential
CUST01589,6,27,450833.24000000005,5,4,4,13,Champions
CUST01590,25,27,215087.75,3,4,2,9,Potential
CUST01591,6,26,166746.58000000002,5,4,1,10,Loyal
CUST01592,8,18,252641.53999999998,4,1,2,7,Potential
CUST01593,9,24,760392.36,4,3,5,12,Loyal
CUST01594,80,23,241159.72,1,2,2,5,At Risk
CUST01595,5,25,687245.45,5,3,5,13,Champions
CUST01596,2,28,320248.05,5,4,3,12,Loyal
CUST01597,18,20,239609.08000000002,3,1,2,6,At Risk
CUST01598,65,24,120351.68000000001,1,3,1,5,At Risk
CUST01599,0,27,637485.14,5,4,5,14,Champions
CUST01600,14,26,360934.9,4,4,4,12,Loyal
CUST01601,30,26,228262.25,2,4,2,8,Potential
CUST01602,22,33,298240.62,3,5,3,11,Loyal
CUST01603,10,25,166628.66999999998,4,3,1,8,Potential
CUST01604,21,22,95834.73999999999,3,2,1,6,At Risk
CUST01605,0,22,187233.30000000002,5,2,2,9,Potential
CUST01606,26,30,459842.31,3,5,4,12,Loyal
CUST01607,6,24,92671.32,5,3,1,9,Potential
CUST01608,49,16,480797.93,1,1,4,6,At Risk
CUST01609,2,24,169326.89,5,3,1,9,Potential
CUST01610,9,21,158979.89,4,2,1,7,Potential
CUST01611,17,29,93036.17,3,5,1,9,Potential
CUST01612,0,40,558467.5,5,5,5,15,Champions
CUST01613,21,26,346420.06,3,4,3,10,Loyal
CUST01614,38,18,130457.02,2,1,1,4,At Risk
CUST01615,6,20,109471.28,5,1,1,7,Potential
CUST01616,25,34,353656.35,3,5,3,11,Loyal
CUST01617,10,22,457138.23,4,2,4,10,Loyal
CUST01618,22,28,799814.51,3,4,5,12,Loyal
CUST01619,9,23,638614.26,4,2,5,11,Loyal
CUST01620,5,27,215028.38,5,4,2,11,Loyal
CUST01621,1,21,346212.68,5,2,3,10,Loyal
CUST01622,4,23,559043.25,5,2,5,12,Loyal
CUST01623,8,32,314067.5,4,5,3,12,Loyal
CUST01624,3,23,305723.38,5,2,3,10,Loyal
CUST01625,44,25,534328.89,1,3,5,9,Potential
CUST01626,2,31,337686.17,5,5,3,13,Champions
CUST01627,43,28,344377.32,2,4,3,9,Potential
CUST01628,46,27,316792.1,1,4,3,8,Potential
CUST01629,18,32,517551.5,3,5,5,13,Champions
CUST01630,13,11,217829.25999999998,4,1,2,7,Potential
CUST01631,32,29,204472.54,2,5,2,9,Potential
CUST01632,5,18,66260.6,5,1,1,7,Potential
CUST01633,56,16,556483.5399999999,1,1,5,7,Potential
CUST01634,15,29,253133.61,3,5,2,10,Loyal
CUST01635,21,30,363963.05,3,5,4,12,Loyal
CUST01636,0,29,265692.79,5,5,2,12,Loyal
CUST01637,19,26,580034.3,3,4,5,12,Loyal
CUST01638,3,26,211528.16,5,4,2,11,Loyal
CUST01639,4,27,563420.61,5,4,5,14,Champions
CUST01640,63,18,175275.06,1,1,1,3,Lost
CUST01641,25,21,238449.38,3,2,2,7,Potential
CUST01642,17,32,826930.51,3,5,5,13,Champions
CUST01643,21,20,409501.97000000003,3,1,4,8,Potential
CUST01644,57,32,238966.43,1,5,2,8,Potential
CUST01645,14,20,439762.75999999995,4,1,4,9,Potential
CUST01646,87,33,943027.8099999999,1,5,5,11,Loyal
CUST01647,13,27,287052.99,4,4,3,11,Loyal
CUST01648,23,23,122184.41,3,2,1,6,At Risk
CUST01649,5,20,614827.58,5,1,5,11,Loyal
CUST01650,21,22,92046.69,3,2,1,6,At Risk
CUST01651,47,21,84684.9,1,2,1,4,At Risk
CUST01652,7,28,323959.52,4,4,3,11,Loyal
CUST01653,46,21,106762.61,1,2,1,4,At Risk
CUST01654,141,28,304947.69,1,4,3,8,Potential
CUST01655,38,25,322192.91,2,3,3,8,Potential
CUST01656,42,26,254169.28,2,4,2,8,Potential
CUST01657,51,21,213462.51,1,2,2,5,At Risk
CUST01658,38,21,250382.74,2,2,2,6,At Risk
CUST01659,17,21,242422.89,3,2,2,7,Potential
CUST01660,5,20,90511.16,5,1,1,7,Potential
CUST01661,22,27,496896.46,3,4,5,12,Loyal
CUST01662,16,26,76854.8,3,4,1,8,Potential
CUST01663,25,32,386267.23,3,5,4,12,Loyal
CUST01664,11,32,506511.61,4,5,5,14,Champions
CUST01665,3,25,913160.06,5,3,5,13,Champions
CUST01666,19,27,332570.49,3,4,3,10,Loyal
CUST01667,81,30,457323.55,1,5,4,10,Loyal
CUST01668,26,21,117869.18000000001,3,2,1,6,At Risk
CUST01669,54,23,140569.68,1,2,1,4,At Risk
CUST01670,14,27,495021.7,4,4,5,13,Champions
CUST01671,50,20,281487.85000000003,1,1,3,5,At Risk
CUST01672,58,21,90460.28,1,2,1,4,At Risk
CUST01673,32,19,312593.08,2,1,3,6,At Risk
CUST01674,13,30,288769.45,4,5,3,12,Loyal
CUST01675,45,27,952646.66,1,4,5,10,Loyal
CUST01676,172,20,177058.79,1,1,1,3,Lost
CUST01677,25,20,130632.90999999999,3,1,1,5,At Risk
CUST01678,47,18,118371.58,1,1,1,3,Lost
CUST01679,10,21,476925.82,4,2,4,10,Loyal
CUST01680,15,24,557058.5700000001,3,3,5,11,Loyal
CUST01681,17,23,301109.61000000004,3,2,3,8,Potential
CUST01682,24,20,492062.99,3,1,5,9,Potential
CUST01683,20,31,785667.55,3,5,5,13,Champions
CUST01684,156,16,200299.37,1,1,2,4,At Risk
CUST01685,95,22,375889.45999999996,1,2,4,7,Potential
CUST01686,260,18,378020.43000000005,1,1,4,6,At Risk
CUST01687,23,20,116333.05,3,1,1,5,At Risk
CUST01688,45,18,69620.3,1,1,1,3,Lost
CUST01689,78,20,506000.10000000003,1,1,5,7,Potential
CUST01690,24,22,79633.45999999999,3,2,1,6,At Risk
CUST01691,4,24,148054.34,5,3,1,9,Potential
CUST01692,40,21,134606.53,2,2,1,5,At Risk
CUST01693,62,21,126123.3,1,2,1,4,At Risk
CUST01694,32,24,162002.22,2,3,1,6,At Risk
CUST01695,48,34,516866.33,1,5,5,11,Loyal
CUST01696,25,24,377175.26,3,3,4,10,Loyal
CUST01697,6,26,485021.41,5,4,4,13,Champions
CUST01698,0,28,602003.7699999999,5,4,5,14,Champions
CUST01699,14,22,183053.12,4,2,2,8,Potential
CUST01700,3,32,600570.9400000001,5,5,5,15,Champions
CUST01701,40,28,381780.84,2,4,4,10,Loyal
CUST01702,15,30,422416.08999999997,3,5,4,12,Loyal
CUST01703,4,20,602843.81,5,1,5,11,Loyal
CUST01704,58,31,785957.99,1,5,5,11,Loyal
CUST01705,12,23,203605.88999999998,4,2,2,8,Potential
CUST01706,28,26,178951.08,2,4,1,7,Potential
CUST01707,7,20,187260.24,4,1,2,7,Potential
CUST01708,19,21,61440.42,3,2,1,6,At Risk
CUST01709,6,27,519461.78,5,4,5,14,Champions
CUST01710,46,25,180249.07,1,3,2,6,At Risk
CUST01711,1,19,114342.43000000001,5,1,1,7,Potential
CUST01712,54,27,465754.11000000004,1,4,4,9,Potential
CUST01713,6,23,223994.12000000002,5,2,2,9,Potential
CUST01714,15,30,401854.98,3,5,4,12,Loyal
CUST01715,44,22,391560.82,1,2,4,7,Potential
CUST01716,2,26,330238.76,5,4,3,12,Loyal
CUST01717,15,30,245486.19,3,5,2,10,Loyal
CUST01718,28,28,171327.9,2,4,1,7,Potential
CUST01719,18,32,523689.63,3,5,5,13,Champions
CUST01720,45,36,357385.31,1,5,3,9,Potential
CUST01721,2,20,502135.35000000003,5,1,5,11,Loyal
CUST01722,61,19,297077.89,1,1,3,5,At Risk
CUST01723,2,17,41815.29,5,1,1,7,Potential
CUST01724,17,33,327569.0,3,5,3,11,Loyal
CUST01725,40,17,105188.66,2,1,1,4,At Risk
CUST01726,22,24,129416.86,3,3,1,7,Potential
CUST01727,29,23,412754.39,2,2,4,8,Potential
CUST01728,12,23,440147.48,4,2,4,10,Loyal
CUST01729,6,29,536810.92,5,5,5,15,Champions
CUST01730,27,22,252031.33,2,2,2,6,At Risk
CUST01731,20,27,352457.03,3,4,3,10,Loyal
CUST01732,24,30,763562.6900000001,3,5,5,13,Champions
CUST01733,33,30,296594.68,2,5,3,10,Loyal
CUST01734,16,30,512144.11,3,5,5,13,Champions
CUST01735,44,25,190366.01,1,3,2,6,At Risk
CUST01736,59,17,402432.01999999996,1,1,4,6,At Risk
CUST01737,19,24,563347.04,3,3,5,11,Loyal
CUST01738,13,19,321749.22,4,1,3,8,Potential
CUST01739,95,27,290928.04,1,4,3,8,Potential
CUST01740,17,25,336815.68,3,3,3,9,Potential
CUST01741,22,34,573643.82,3,5,5,13,Champions
CUST01742,9,28,566159.59,4,4,5,13,Champions
CUST01743,31,28,594588.21,2,4,5,11,Loyal
CUST01744,16,21,80724.95,3,2,1,6,At Risk
CUST01745,18,27,230870.87,3,4,2,9,Potential
CUST01746,28,23,148859.0,2,2,1,5,At Risk
CUST01747,18,26,245919.90000000002,3,4,2,9,Potential
CUST01748,36,24,604986.87,2,3,5,10,Loyal
CUST01749,10,19,150780.27,4,1,1,6,At Risk
CUST01750,4,27,265757.9,5,4,2,11,Loyal
CUST01751,108,29,332565.55,1,5,3,9,Potential
CUST01752,5,26,252463.94,5,4,2,11,Loyal
CUST01753,3,17,155374.56,5,1,1,7,Potential
CUST01754,26,33,711935.59,3,5,5,13,Champions
CUST01755,29,22,188145.32,2,2,2,6,At Risk
CUST01756,20,27,271294.72,3,4,3,10,Loyal
CUST01757,34,29,296417.35000000003,2,5,3,10,Loyal
CUST01758,13,23,448272.84,4,2,4,10,Loyal
CUST01759,22,18,357438.6,3,1,3,7,Potential
CUST01760,30,20,173731.7,2,1,1,4,At Risk
CUST01761,60,17,187605.63,1,1,2,4,At Risk
CUST01762,34,28,418549.35000000003,2,4,4,10,Loyal
CUST01763,47,19,272224.49,1,1,3,5,At Risk
CUST01764,42,30,249640.56,2,5,2,9,Potential
CUST01765,15,30,185498.32,3,5,2,10,Loyal
CUST01766,1,22,121459.27,5,2,1,8,Potential
CUST01767,18,27,224124.77,3,4,2,9,Potential
CUST01768,1,34,694535.22,5,5,5,15,Champions
CUST01769,7,20,279341.12,4,1,3,8,Potential
CUST01770,21,31,235641.01,3,5,2,10,Loyal
CUST01771,10,32,223766.66,4,5,2,11,Loyal
CUST01772,22,26,254438.63999999998,3,4,2,9,Potential
CUST01773,12,31,251175.5,4,5,2,11,Loyal
CUST01774,0,30,371638.45,5,5,4,14,Champions
CUST01775,178,19,224437.83,1,1,2,4,At Risk
CUST01776,0,42,414192.56,5,5,4,14,Champions
CUST01777,92,24,289400.11,1,3,3,7,Potential
CUST01778,5,30,406090.85000000003,5,5,4,14,Champions
CUST01779,18,24,166295.52000000002,3,3,1,7,Potential
CUST01780,35,21,70230.46,2,2,1,5,At Risk
CUST01781,11,17,171180.68,4,1,1,6,At Risk
CUST01782,15,22,271236.43,3,2,3,8,Potential
CUST01783,48,19,97959.77,1,1,1,3,Lost
CUST01784,16,28,133672.05,3,4,1,8,Potential
CUST01785,8,30,859667.3,4,5,5,14,Champions
CUST01786,25,25,278177.63,3,3,3,9,Potential
CUST01787,75,33,374382.53,1,5,4,10,Loyal
CUST01788,10,31,669701.06,4,5,5,14,Champions
CUST01789,62,32,280745.49,1,5,3,9,Potential
CUST01790,2,34,248508.53,5,5,2,12,Loyal
CUST01791,23,25,146217.61000000002,3,3,1,7,Potential
CUST01792,25,22,573554.6,3,2,5,10,Loyal
CUST01793,13,37,874837.91,4,5,5,14,Champions
CUST01794,36,27,299532.31,2,4,3,9,Potential
CUST01795,15,28,433104.18,3,4,4,11,Loyal
CUST01796,2,32,560948.75,5,5,5,15,Champions
CUST01797,6,29,431263.77,5,5,4,14,Champions
CUST01798,9,23,658138.06,4,2,5,11,Loyal
CUST01799,3,23,403688.02,5,2,4,11,Loyal
CUST01800,9,24,424537.74,4,3,4,11,Loyal
CUST01801,16,22,150700.65,3,2,1,6,At Risk
CUST01802,28,25,218956.89,2,3,2,7,Potential
CUST01803,36,27,331835.89999999997,2,4,3,9,Potential
CUST01804,12,31,271517.58,4,5,3,12,Loyal
CUST01805,5,30,396683.02,5,5,4,14,Champions
CUST01806,27,33,448640.39,2,5,4,11,Loyal
CUST01807,90,28,757391.22,1,4,5,10,Loyal
CUST01808,4,32,239970.39,5,5,2,12,Loyal
CUST01809,20,24,322156.47000000003,3,3,3,9,Potential
CUST01810,8,28,201690.75,4,4,2,10,Loyal
CUST01811,16,16,443971.12,3,1,4,8,Potential
CUST01812,9,25,190034.75,4,3,2,9,Potential
CUST01813,1,31,730225.31,5,5,5,15,Champions
CUST01814,5,17,335765.1,5,1,3,9,Potential
CUST01815,11,20,902408.78,4,1,5,10,Loyal
CUST01816,48,20,431235.06,1,1,4,6,At Risk
CUST01817,0,26,247437.38,5,4,2,11,Loyal
CUST01818,4,27,575746.06,5,4,5,14,Champions
CUST01819,5,17,395737.08999999997,5,1,4,10,Loyal
CUST01820,59,23,269944.18,1,2,3,6,At Risk
CUST01821,30,29,396674.19,2,5,4,11,Loyal
CUST01822,1,36,377620.9,5,5,4,14,Champions
CUST01823,5,22,115778.9,5,2,1,8,Potential
CUST01824,26,22,60689.5,3,2,1,6,At Risk
CUST01825,5,28,340759.4,5,4,3,12,Loyal
CUST01826,6,22,58083.67,5,2,1,8,Potential
CUST01827,4,28,298212.54,5,4,3,12,Loyal
CUST01828,9,25,538022.1900000001,4,3,5,12,Loyal
CUST01829,19,29,107426.73,3,5,1,9,Potential
CUST01830,13,32,471728.91,4,5,4,13,Champions
CUST01831,8,27,461412.35,4,4,4,12,Loyal
CUST01832,14,27,331345.20999999996,4,4,3,11,Loyal
CUST01833,5,26,414251.54,5,4,4,13,Champions
CUST01834,48,23,302335.47,1,2,3,6,At Risk
CUST01835,6,31,956722.1699999999,5,5,5,15,Champions
CUST01836,69,20,283374.36,1,1,3,5,At Risk
CUST01837,8,23,426368.49,4,2,4,10,Loyal
CUST01838,20,17,283218.82999999996,3,1,3,7,Potential
CUST01839,10,20,289532.64,4,1,3,8,Potential
CUST01840,43,24,208444.36000000002,2,3,2,7,Potential
CUST01841,72,25,197832.78999999998,1,3,2,6,At Risk
CUST01842,0,29,199664.49,5,5,2,12,Loyal
CUST01843,4,28,439913.06,5,4,4,13,Champions
CUST01844,20,21,421744.11000000004,3,2,4,9,Potential
CUST01845,31,21,231559.34,2,2,2,6,At Risk
CUST01846,31,27,545992.27,2,4,5,11,Loyal
CUST01847,70,18,309220.76999999996,1,1,3,5,At Risk
CUST01848,18,34,308587.13,3,5,3,11,Loyal
CUST01849,11,20,477161.17,4,1,4,9,Potential
CUST01850,17,28,723615.62,3,4,5,12,Loyal
CUST01851,23,25,448273.73000000004,3,3,4,10,Loyal
CUST01852,34,26,781037.2699999999,2,4,5,11,Loyal
CUST01853,29,28,408743.67000000004,2,4,4,10,Loyal
CUST01854,17,23,119365.92,3,2,1,6,At Risk
CUST01855,43,20,229398.7,2,1,2,5,At Risk
CUST01856,42,24,190037.81,2,3,2,7,Potential
CUST01857,19,23,251599.46,3,2,2,7,Potential
CUST01858,17,23,99709.42,3,2,1,6,At Risk
CUST01859,206,28,290681.71,1,4,3,8,Potential
CUST01860,18,22,468030.54000000004,3,2,4,9,Potential
CUST01861,2,29,730249.6,5,5,5,15,Champions
CUST01862,12,21,479449.72,4,2,4,10,Loyal
CUST01863,31,20,566502.09,2,1,5,8,Potential
CUST01864,6,23,255442.32,5,2,2,9,Potential
CUST01865,47,24,179750.01,1,3,1,5,At Risk
CUST01866,62,26,314169.93,1,4,3,8,Potential
CUST01867,8,34,282928.83,4,5,3,12,Loyal
CUST01868,1,25,257337.63999999998,5,3,2,10,Loyal
CUST01869,34,28,573839.25,2,4,5,11,Loyal
CUST01870,4,25,164561.21,5,3,1,9,Potential
CUST01871,19,20,248365.61000000002,3,1,2,6,At Risk
CUST01872,1,25,318082.65,5,3,3,11,Loyal
CUST01873,165,19,211806.94,1,1,2,4,At Risk
CUST01874,7,30,736147.49,4,5,5,14,Champions
CUST01875,20,19,125016.75,3,1,1,5,At Risk
CUST01876,4,28,383085.31,5,4,4,13,Champions
CUST01877,49,22,281469.99,1,2,3,6,At Risk
CUST01878,5,23,556873.74,5,2,5,12,Loyal
CUST01879,16,24,155129.38,3,3,1,7,Potential
CUST01880,44,28,562317.25,1,4,5,10,Loyal
CUST01881,6,20,162363.76,5,1,1,7,Potential
CUST01882,12,27,608045.54,4,4,5,13,Champions
CUST01883,22,22,385083.23,3,2,4,9,Potential
CUST01884,9,21,111342.90000000001,4,2,1,7,Potential
CUST01885,30,20,255314.03,2,1,2,5,At Risk
CUST01886,26,20,229703.29,3,1,2,6,At Risk
CUST01887,24,33,820969.86,3,5,5,13,Champions
CUST01888,12,28,446688.28,4,4,4,12,Loyal
CUST01889,11,23,110179.67,4,2,1,7,Potential
CUST01890,0,28,572613.61,5,4,5,14,Champions
CUST01891,38,36,540186.23,2,5,5,12,Loyal
CUST01892,5,22,197846.69,5,2,2,9,Potential
CUST01893,28,31,111016.13,2,5,1,8,Potential
CUST01894,2,33,539059.82,5,5,5,15,Champions
CUST01895,6,24,345786.39,5,3,3,11,Loyal
CUST01896,23,18,99626.43000000001,3,1,1,5,At Risk
CUST01897,1,19,256852.86,5,1,2,8,Potential
CUST01898,30,22,196576.68,2,2,2,6,At Risk
CUST01899,29,32,445869.47,2,5,4,11,Loyal
CUST01900,10,16,124601.87,4,1,1,6,At Risk
CUST01901,35,21,163060.14,2,2,1,5,At Risk
CUST01902,15,27,199950.99,3,4,2,9,Potential
CUST01903,47,27,516427.67000000004,1,4,5,10,Loyal
CUST01904,27,28,223592.95,2,4,2,8,Potential
CUST01905,56,30,403110.48,1,5,4,10,Loyal
CUST01906,10,26,494345.62999999995,4,4,5,13,Champions
CUST01907,3,21,407684.48,5,2,4,11,Loyal
CUST01908,26,17,78653.43000000001,3,1,1,5,At Risk
CUST01909,1,31,568378.03,5,5,5,15,Champions
CUST01910,66,30,343705.35,1,5,3,9,Potential
CUST01911,16,23,161740.13,3,2,1,6,At Risk
CUST01912,22,28,445399.05,3,4,4,11,Loyal
CUST01913,45,23,236553.31,1,2,2,5,At Risk
CUST01914,56,31,356813.87,1,5,3,9,Potential
CUST01915,6,28,345005.73,5,4,3,12,Loyal
CUST01916,42,27,388977.76,2,4,4,10,Loyal
CUST01917,54,28,279507.67,1,4,3,8,Potential
CUST01918,43,35,299960.17,2,5,3,10,Loyal
CUST01919,12,33,688758.2999999999,4,5,5,14,Champions
CUST01920,10,31,505535.27,4,5,5,14,Champions
CUST01921,47,26,517070.33999999997,1,4,5,10,Loyal
CUST01922,44,19,211925.94,1,1,2,4,At Risk
CUST01923,7,22,97949.81,4,2,1,7,Potential
CUST01924,0,32,137502.28,5,5,1,11,Loyal
CUST01925,46,32,618310.5,1,5,5,11,Loyal
CUST01926,21,29,518359.69,3,5,5,13,Champions
CUST01927,5,24,255789.46,5,3,2,10,Loyal
CUST01928,20,27,806234.85,3,4,5,12,Loyal
CUST01929,56,21,392776.63,1,2,4,7,Potential
CUST01930,5,24,412062.13,5,3,4,12,Loyal
CUST01931,21,25,313087.9,3,3,3,9,Potential
CUST01932,1,16,189380.08,5,1,2,8,Potential
CUST01933,67,22,581062.0,1,2,5,8,Potential
CUST01934,118,26,354856.27,1,4,3,8,Potential
CUST01935,79,16,95923.64,1,1,1,3,Lost
CUST01936,2,23,56182.31,5,2,1,8,Potential
CUST01937,33,27,395154.00999999995,2,4,4,10,Loyal
CUST01938,34,25,39175.69,2,3,1,6,At Risk
CUST01939,33,28,332849.37,2,4,3,9,Potential
CUST01940,4,41,615652.17,5,5,5,15,Champions
CUST01941,36,23,397670.83,2,2,4,8,Potential
CUST01942,0,32,337178.1,5,5,3,13,Champions
CUST01943,0,30,608852.64,5,5,5,15,Champions
CUST01944,37,17,187275.46,2,1,2,5,At Risk
CUST01945,36,15,101248.34999999999,2,1,1,4,At Risk
CUST01946,10,21,445425.79,4,2,4,10,Loyal
CUST01947,9,26,336610.17,4,4,3,11,Loyal
CUST01948,14,23,309551.15,4,2,3,9,Potential
CUST01949,10,24,233050.7,4,3,2,9,Potential
CUST01950,47,26,300401.5,1,4,3,8,Potential
CUST01951,12,26,395041.08,4,4,4,12,Loyal
CUST01952,72,22,269898.26,1,2,3,6,At Risk
CUST01953,46,30,434409.27,1,5,4,10,Loyal
CUST01954,6,35,169243.74,5,5,1,11,Loyal
CUST01955,56,37,366545.28,1,5,4,10,Loyal
CUST01956,15,20,238023.59,3,1,2,6,At Risk
CUST01957,67,30,426091.26,1,5,4,10,Loyal
CUST01958,30,20,145219.78,2,1,1,4,At Risk
CUST01959,13,25,376887.99,4,3,4,11,Loyal
CUST01960,5,29,120165.95,5,5,1,11,Loyal
CUST01961,1,26,239895.87,5,4,2,11,Loyal
CUST01962,103,16,345671.34,1,1,3,5,At Risk
CUST01963,4,35,396315.71,5,5,4,14,Champions
CUST01964,37,24,240484.42,2,3,2,7,Potential
CUST01965,8,22,206044.38999999998,4,2,2,8,Potential
CUST01966,52,26,416072.64,1,4,4,9,Potential
CUST01967,34,14,275407.69,2,1,3,6,At Risk
CUST01968,39,25,205836.17,2,3,2,7,Potential
CUST01969,10,34,267763.12,4,5,2,11,Loyal
CUST01970,28,15,159298.09,2,1,1,4,At Risk
CUST01971,40,20,66815.58,2,1,1,4,At Risk
CUST01972,30,15,130314.66,2,1,1,4,At Risk
CUST01973,6,32,336823.85,5,5,3,13,Champions
CUST01974,13,27,345979.16000000003,4,4,3,11,Loyal
CUST01975,39,30,289783.01,2,5,3,10,Loyal
CUST01976,44,17,286261.68,1,1,3,5,At Risk
CUST01977,12,36,768259.5399999999,4,5,5,14,Champions
CUST01978,1,25,457984.32,5,3,4,12,Loyal
CUST01979,3,17,926580.2100000001,5,1,5,11,Loyal
CUST01980,2,25,163684.36000000002,5,3,1,9,Potential
CUST01981,63,21,380556.79,1,2,4,7,Potential
CUST01982,0,26,217983.67,5,4,2,11,Loyal
CUST01983,8,17,162281.38,4,1,1,6,At Risk
CUST01984,1,31,398378.37,5,5,4,14,Champions
CUST01985,42,23,433627.86,2,3,4,9,Potential
CUST01986,29,32,316906.57,2,5,3,10,Loyal
CUST01987,3,31,606103.1900000001,5,5,5,15,Champions
CUST01988,3,21,275981.23,5,2,3,10,Loyal
CUST01989,0,34,261864.08000000002,5,5,2,12,Loyal
CUST01990,12,18,342031.93,4,1,3,8,Potential
CUST01991,9,19,558766.69,4,1,5,10,Loyal
CUST01992,66,23,491031.08,1,3,5,9,Potential
CUST01993,41,27,357278.76,2,4,3,9,Potential
CUST01994,19,27,178999.0,3,4,1,8,Potential
CUST01995,6,29,463711.67,5,5,4,14,Champions
CUST01996,19,20,487370.70999999996,3,1,5,9,Potential
CUST01997,24,15,277393.4,3,1,3,7,Potential
CUST01998,25,21,140463.77,3,2,1,6,At Risk
CUST01999,9,27,566005.99,4,4,5,13,Champions
CUST02000,14,17,112503.98,4,1,1,6,At Risk
